residue_index,residue_name,sampled_file,ref_angle_rad,sampled_angle_rad,delta_angle_rad
120,ARG,trj34951_frame5.pdb,1.4689059,0.8572422,-0.6116637257507325
120,ARG,trj16595_frame23.pdb,1.4689059,0.8906493,-0.5782566257507324
120,ARG,trj10967_frame15.pdb,1.4689059,1.0153475,-0.45355842575073235
120,ARG,trj35211_frame11.pdb,1.4689059,1.0888634,-0.3800425257507325
120,ARG,trj2478_frame15.pdb,1.4689059,1.2060223,-0.2628836257507323
120,ARG,trj16950_frame6.pdb,1.4689059,1.3057187,-0.16318722575073252
120,ARG,trj17420_frame11.pdb,1.4689059,1.4175463,-0.051359625750732496
120,ARG,trj14162_frame8.pdb,1.4689059,1.5222791,0.053373174249267574
120,ARG,trj13679_frame0.pdb,1.4689059,1.5773052,0.10839927424926765
120,ARG,trj13363_frame8.pdb,1.4689059,1.6395004,0.17059447424926755
262,ARG,trj31820_frame19.pdb,2.2794683,1.4560014,-0.8234668979583741
262,ARG,trj32763_frame11.pdb,2.2794683,1.6620117,-0.6174565979583739
262,ARG,trj11529_frame3.pdb,2.2794683,1.7731766,-0.506291697958374
262,ARG,trj1172_frame0.pdb,2.2794683,1.8360642,-0.443404097958374
262,ARG,trj14513_frame13.pdb,2.2794683,1.9921294,-0.287338897958374
262,ARG,trj17635_frame7.pdb,2.2794683,2.0973384,-0.1821298979583741
262,ARG,trj22381_frame18.pdb,2.2794683,2.3107822,0.03131390204162576
262,ARG,trj37802_frame10.pdb,2.2794683,2.5065074,0.2270391020416258
262,ARG,trj11384_frame4.pdb,2.2794683,2.6160064,0.3365381020416258
262,ARG,trj27914_frame6.pdb,2.2794683,2.678925,0.399456702041626
111,GLN,trj14379_frame12.pdb,2.2111177,1.3920304,-0.8190873444458009
111,GLN,trj29395_frame21.pdb,2.2111177,1.4475703,-0.7635474444458008
111,GLN,trj29598_frame11.pdb,2.2111177,1.595507,-0.6156107444458008
111,GLN,trj3403_frame5.pdb,2.2111177,1.7307258,-0.4803919444458007
111,GLN,trj27970_frame4.pdb,2.2111177,1.8624773,-0.3486404444458009
111,GLN,trj36929_frame24.pdb,2.2111177,2.04052,-0.1705977444458009
111,GLN,trj32833_frame7.pdb,2.2111177,2.227125,0.01600725555419924
111,GLN,trj36387_frame15.pdb,2.2111177,2.3710227,0.15990495555419937
111,GLN,trj38732_frame0.pdb,2.2111177,2.452345,0.24122725555419944
111,GLN,trj34030_frame23.pdb,2.2111177,2.5269527,0.31583495555419905
253,LEU,trj37282_frame12.pdb,2.6506677,1.5453951,-1.105272567388916
253,LEU,trj10294_frame10.pdb,2.6506677,1.578662,-1.072005667388916
253,LEU,trj18307_frame12.pdb,2.6506677,1.7901692,-0.860498467388916
253,LEU,trj31176_frame0.pdb,2.6506677,1.8813093,-0.7693583673889159
253,LEU,trj24181_frame23.pdb,2.6506677,2.0502384,-0.600429267388916
253,LEU,trj21089_frame4.pdb,2.6506677,2.2532792,-0.39738846738891587
253,LEU,trj13768_frame17.pdb,2.6506677,2.426392,-0.22427566738891613
253,LEU,trj14710_frame23.pdb,2.6506677,2.545665,-0.10500266738891595
253,LEU,trj35398_frame12.pdb,2.6506677,2.614482,-0.03618566738891582
253,LEU,trj21631_frame23.pdb,2.6506677,2.7637768,0.11310913261108402
11,LEU,trj14657_frame10.pdb,1.8198211,1.5786352,-0.24118591930847177
11,LEU,trj13309_frame1.pdb,1.8198211,1.6734831,-0.1463380193084718
11,LEU,trj28112_frame7.pdb,1.8198211,1.7866325,-0.03318861930847161
11,LEU,trj15086_frame14.pdb,1.8198211,1.9049184,0.08509728069152822
11,LEU,trj30171_frame9.pdb,1.8198211,2.1082768,0.2884556806915284
11,LEU,trj32074_frame7.pdb,1.8198211,2.328598,0.5087768806915283
11,LEU,trj32143_frame18.pdb,1.8198211,2.3979774,0.5781562806915281
11,LEU,trj18299_frame5.pdb,1.8198211,2.6002805,0.7804593806915285
11,LEU,trj36332_frame1.pdb,1.8198211,2.701534,0.8817128806915284
11,LEU,trj11926_frame28.pdb,1.8198211,2.7905033,0.9706821806915285
22,LEU,trj33873_frame24.pdb,2.53366,1.5716158,-0.9620441349975586
22,LEU,trj30067_frame8.pdb,2.53366,1.6394795,-0.8941804349975586
22,LEU,trj13529_frame19.pdb,2.53366,1.7877256,-0.7459343349975587
22,LEU,trj32669_frame9.pdb,2.53366,1.8821695,-0.6514904349975585
22,LEU,trj12954_frame12.pdb,2.53366,2.0477273,-0.48593263499755857
22,LEU,trj29927_frame13.pdb,2.53366,2.2371416,-0.2965183349975584
22,LEU,trj22831_frame18.pdb,2.53366,2.4359663,-0.09769363499755856
22,LEU,trj2822_frame16.pdb,2.53366,2.536847,0.0031870650024412583
22,LEU,trj32573_frame5.pdb,2.53366,2.628508,0.09484806500244147
22,LEU,trj19796_frame24.pdb,2.53366,2.7728841,0.2392241650024416
53,LEU,trj12582_frame23.pdb,0.7537448,0.29971904,-0.4540257410173035
53,LEU,trj11993_frame15.pdb,0.7537448,0.44067317,-0.31307161101730346
53,LEU,trj35215_frame15.pdb,0.7537448,0.5035388,-0.2502059810173035
53,LEU,trj17460_frame4.pdb,0.7537448,0.5819974,-0.17174738101730347
53,LEU,trj34731_frame24.pdb,0.7537448,0.710921,-0.04282378101730344
53,LEU,trj21247_frame5.pdb,0.7537448,0.79005456,0.036309778982696495
53,LEU,trj12391_frame24.pdb,0.7537448,0.9227175,0.1689727189826965
53,LEU,trj38029_frame12.pdb,0.7537448,0.9816772,0.22793241898269656
53,LEU,trj21712_frame20.pdb,0.7537448,1.0295128,0.27576801898269654
53,LEU,trj1375_frame17.pdb,0.7537448,1.1266279,0.37288311898269644
109,LYS,trj31176_frame18.pdb,2.3643596,1.5055981,-0.8587615172332763
109,LYS,trj2424_frame18.pdb,2.3643596,1.5302737,-0.8340859172332764
109,LYS,trj29566_frame1.pdb,2.3643596,1.6635923,-0.7007673172332765
109,LYS,trj33396_frame1.pdb,2.3643596,1.8445203,-0.5198393172332765
109,LYS,trj21175_frame11.pdb,2.3643596,1.9506965,-0.4136631172332763
109,LYS,trj20004_frame11.pdb,2.3643596,2.1637275,-0.20063211723327656
109,LYS,trj32198_frame8.pdb,2.3643596,2.3361392,-0.028220417233276507
109,LYS,trj23080_frame13.pdb,2.3643596,2.3765163,0.012156682766723659
109,LYS,trj22225_frame9.pdb,2.3643596,2.4966278,0.1322681827667238
109,LYS,trj38335_frame18.pdb,2.3643596,2.6442251,0.2798654827667235
116,LYS,trj23833_frame7.pdb,0.7298042,0.37766942,-0.3521347978153992
116,LYS,trj29704_frame17.pdb,0.7298042,0.40190944,-0.32789477781539916
116,LYS,trj33349_frame13.pdb,0.7298042,0.47901958,-0.25078463781539917
116,LYS,trj13241_frame15.pdb,0.7298042,0.5736483,-0.15615591781539917
116,LYS,trj33562_frame22.pdb,0.7298042,0.7472955,0.01749128218460083
116,LYS,trj32160_frame18.pdb,0.7298042,0.7727413,0.042937082184600794
116,LYS,trj15335_frame20.pdb,0.7298042,0.8953165,0.1655122821846008
116,LYS,trj27586_frame14.pdb,0.7298042,0.97226787,0.24246365218460086
116,LYS,trj22620_frame10.pdb,0.7298042,1.077006,0.34720178218460074
116,LYS,trj17880_frame3.pdb,0.7298042,1.1669991,0.4371948821846008
118,LYS,trj29395_frame8.pdb,1.7291108,1.5076014,-0.22150943698272707
118,LYS,trj31855_frame16.pdb,1.7291108,1.6452816,-0.08382923698272715
118,LYS,trj24141_frame20.pdb,1.7291108,1.6874968,-0.04161403698272714
118,LYS,trj36337_frame0.pdb,1.7291108,1.8257083,0.09659746301727301
118,LYS,trj18719_frame6.pdb,1.7291108,1.9351898,0.20607896301727302
118,LYS,trj2700_frame15.pdb,1.7291108,2.183426,0.4543151630172728
118,LYS,trj19850_frame0.pdb,1.7291108,2.341857,0.612746163017273
118,LYS,trj12274_frame0.pdb,1.7291108,2.4626245,0.7335136630172729
118,LYS,trj20617_frame12.pdb,1.7291108,2.5416884,0.8125775630172729
118,LYS,trj11656_frame17.pdb,1.7291108,2.67225,0.943139163017273
148,GLN,trj28255_frame22.pdb,1.7907201,1.5491924,-0.2415277051712037
148,GLN,trj23611_frame11.pdb,1.7907201,1.5842295,-0.20649060517120366
148,GLN,trj24394_frame17.pdb,1.7907201,1.7388017,-0.05191840517120361
148,GLN,trj12190_frame17.pdb,1.7907201,1.9756544,0.18493429482879642
148,GLN,trj18788_frame1.pdb,1.7907201,2.0176282,0.22690809482879626
148,GLN,trj30746_frame11.pdb,1.7907201,2.1479988,0.35727869482879626
148,GLN,trj23142_frame6.pdb,1.7907201,2.4014978,0.6107776948287964
148,GLN,trj2077_frame16.pdb,1.7907201,2.432942,0.6422218948287965
148,GLN,trj34824_frame23.pdb,1.7907201,2.5868447,0.7961245948287963
148,GLN,trj28468_frame12.pdb,1.7907201,2.7276092,0.9368890948287962
196,LYS,trj32653_frame20.pdb,2.5463777,1.5076699,-1.0387077588439941
196,LYS,trj15335_frame21.pdb,2.5463777,1.5444483,-1.0019293588439941
196,LYS,trj17379_frame12.pdb,2.5463777,1.6897819,-0.8565957588439941
196,LYS,trj14290_frame15.pdb,2.5463777,1.8435314,-0.7028462588439941
196,LYS,trj17604_frame1.pdb,2.5463777,1.9839094,-0.5624682588439942
196,LYS,trj33056_frame23.pdb,2.5463777,2.266317,-0.2800606588439942
196,LYS,trj33698_frame19.pdb,2.5463777,2.4042006,-0.14217705884399434
196,LYS,trj17543_frame18.pdb,2.5463777,2.5138407,-0.032536958843994324
196,LYS,trj37049_frame16.pdb,2.5463777,2.6315331,0.08515544115600582
196,LYS,trj32403_frame23.pdb,2.5463777,2.7528307,0.20645304115600593
199,LYS,trj38908_frame9.pdb,0.5113343,0.34656835,-0.1647659500411987
199,LYS,trj32211_frame18.pdb,0.5113343,0.40465745,-0.10667685004119876
199,LYS,trj33484_frame11.pdb,0.5113343,0.48925173,-0.022082570041198735
199,LYS,trj21074_frame2.pdb,0.5113343,0.57116055,0.05982624995880126
199,LYS,trj14952_frame23.pdb,0.5113343,0.74522954,0.23389523995880124
199,LYS,trj34165_frame6.pdb,0.5113343,0.8151018,0.30376749995880126
199,LYS,trj25130_frame20.pdb,0.5113343,0.9282619,0.41692759995880124
199,LYS,trj14182_frame4.pdb,0.5113343,1.0074735,0.4961391999588012
199,LYS,trj12037_frame8.pdb,0.5113343,1.0702856,0.5589512999588013
199,LYS,trj14264_frame2.pdb,0.5113343,1.165898,0.6545636999588014
202,LYS,trj14802_frame9.pdb,1.8979203,1.4724267,-0.4254935508926392
202,LYS,trj31136_frame6.pdb,1.8979203,1.5685992,-0.3293210508926392
202,LYS,trj146_frame18.pdb,1.8979203,1.6736377,-0.22428255089263915
202,LYS,trj29682_frame6.pdb,1.8979203,1.9098378,0.01191754910736087
202,LYS,trj37639_frame22.pdb,1.8979203,1.9673007,0.06938044910736085
202,LYS,trj13452_frame13.pdb,1.8979203,2.166286,0.2683657491073608
202,LYS,trj29206_frame17.pdb,1.8979203,2.2434144,0.34549414910736065
202,LYS,trj23108_frame3.pdb,1.8979203,2.4312816,0.533361349107361
202,LYS,trj37543_frame21.pdb,1.8979203,2.6274028,0.7294825491073609
202,LYS,trj34648_frame20.pdb,1.8979203,2.6714954,0.7735751491073608
166,GLN,trj33466_frame4.pdb,1.8001952,1.449509,-0.3506862171325684
166,GLN,trj22227_frame1.pdb,1.8001952,1.5698605,-0.23033471713256826
166,GLN,trj2957_frame23.pdb,1.8001952,1.7024674,-0.0977278171325684
166,GLN,trj10239_frame5.pdb,1.8001952,1.7596589,-0.040536317132568334
166,GLN,trj13696_frame11.pdb,1.8001952,1.9609771,0.16078188286743167
166,GLN,trj31579_frame10.pdb,1.8001952,2.0398304,0.23963518286743168
166,GLN,trj30436_frame2.pdb,1.8001952,2.2696533,0.4694580828674315
166,GLN,trj23017_frame22.pdb,1.8001952,2.4468064,0.6466111828674315
166,GLN,trj34243_frame21.pdb,1.8001952,2.539524,0.7393287828674318
166,GLN,trj34591_frame5.pdb,1.8001952,2.6644058,0.8642105828674316
29,LYS,trj33637_frame0.pdb,1.6988606,1.5460662,-0.1527944452941894
29,LYS,trj15471_frame17.pdb,1.6988606,1.6108944,-0.0879662452941894
29,LYS,trj23553_frame4.pdb,1.6988606,1.8245864,0.1257257547058106
29,LYS,trj34595_frame14.pdb,1.6988606,1.9573426,0.2584819547058106
29,LYS,trj18580_frame12.pdb,1.6988606,2.0943198,0.3954591547058106
29,LYS,trj28650_frame2.pdb,1.6988606,2.3015273,0.6026666547058106
29,LYS,trj10131_frame5.pdb,1.6988606,2.4555562,0.7566955547058107
29,LYS,trj30722_frame8.pdb,1.6988606,2.494776,0.7959153547058104
29,LYS,trj37030_frame10.pdb,1.6988606,2.6176257,0.9187650547058106
29,LYS,trj35104_frame6.pdb,1.6988606,2.803313,1.1044523547058107
125,MET,trj17555_frame18.pdb,1.8734875,1.4885025,-0.3849849725341796
125,MET,trj29490_frame24.pdb,1.8734875,1.5302819,-0.3432055725341796
125,MET,trj33382_frame14.pdb,1.8734875,1.6870048,-0.18648267253417972
125,MET,trj17775_frame14.pdb,1.8734875,1.8599777,-0.013509772534179731
125,MET,trj38622_frame4.pdb,1.8734875,2.096751,0.22326352746582012
125,MET,trj38308_frame4.pdb,1.8734875,2.2115364,0.33804892746582027
125,MET,trj14189_frame8.pdb,1.8734875,2.3915257,0.5180382274658202
125,MET,trj36536_frame4.pdb,1.8734875,2.5511136,0.6776261274658202
125,MET,trj24323_frame6.pdb,1.8734875,2.6589854,0.7854979274658205
125,MET,trj34888_frame8.pdb,1.8734875,2.7847452,0.9112577274658205
184,MET,trj2943_frame11.pdb,2.3844137,1.4674473,-0.9169664191772462
184,MET,trj14773_frame14.pdb,2.3844137,1.5586318,-0.8257819191772462
184,MET,trj14202_frame17.pdb,2.3844137,1.6617464,-0.7226673191772461
184,MET,trj23808_frame21.pdb,2.3844137,1.8154948,-0.5689189191772461
184,MET,trj17208_frame8.pdb,2.3844137,1.9255818,-0.4588319191772461
184,MET,trj35085_frame14.pdb,2.3844137,2.0571818,-0.32723191917724614
184,MET,trj38140_frame8.pdb,2.3844137,2.3023589,-0.08205481917724589
184,MET,trj10092_frame20.pdb,2.3844137,2.444723,0.06030928082275411
184,MET,trj35799_frame17.pdb,2.3844137,2.5375526,0.15313888082275406
184,MET,trj33941_frame27.pdb,2.3844137,2.6376286,0.2532148808227541
208,MET,trj36144_frame17.pdb,0.42846003,0.37210825,-0.05635178174781802
208,MET,trj21798_frame21.pdb,0.42846003,0.46902972,0.04056968825218199
208,MET,trj30279_frame8.pdb,0.42846003,0.49143276,0.06297272825218203
208,MET,trj33926_frame6.pdb,0.42846003,0.57781166,0.14935162825218196
208,MET,trj32432_frame0.pdb,0.42846003,0.74510396,0.316643928252182
208,MET,trj27838_frame9.pdb,0.42846003,0.7938781,0.36541806825218204
208,MET,trj12368_frame10.pdb,0.42846003,0.91534275,0.486882718252182
208,MET,trj1885_frame9.pdb,0.42846003,1.002221,0.573760968252182
208,MET,trj24323_frame14.pdb,0.42846003,1.034104,0.6056439682521819
208,MET,trj13152_frame5.pdb,0.42846003,1.1282847,0.699824668252182
5,MET,trj12782_frame23.pdb,1.591807,1.4593921,-0.13241490778961174
5,MET,trj32192_frame6.pdb,1.591807,1.565478,-0.02632900778961189
5,MET,trj30908_frame16.pdb,1.591807,1.7177765,0.12596949221038822
5,MET,trj12782_frame31.pdb,1.591807,1.826605,0.23479799221038822
5,MET,trj33502_frame22.pdb,1.591807,2.0729456,0.48113859221038835
5,MET,trj31410_frame3.pdb,1.591807,2.2566347,0.6648276922103884
5,MET,trj1555_frame16.pdb,1.591807,2.4117675,0.819960492210388
5,MET,trj1610_frame9.pdb,1.591807,2.5299995,0.9381924922103884
5,MET,trj36214_frame3.pdb,1.591807,2.636629,1.0448219922103883
5,MET,trj31887_frame16.pdb,1.591807,2.8255193,1.233712292210388
106,SER,trj30893_frame7.pdb,1.7055776,1.4200205,-0.28555711192321787
106,SER,trj15600_frame19.pdb,1.7055776,1.5967113,-0.10886631192321783
106,SER,trj18336_frame19.pdb,1.7055776,1.6609867,-0.044590911923217735
106,SER,trj33867_frame7.pdb,1.7055776,1.7715218,0.06594418807678215
106,SER,trj35979_frame14.pdb,1.7055776,1.9160681,0.21049048807678217
106,SER,trj30884_frame9.pdb,1.7055776,2.1488495,0.4432718880767821
106,SER,trj16741_frame11.pdb,1.7055776,2.2899823,0.5844046880767824
106,SER,trj33536_frame4.pdb,1.7055776,2.443414,0.7378363880767824
106,SER,trj36045_frame23.pdb,1.7055776,2.5341365,0.828558888076782
106,SER,trj30730_frame24.pdb,1.7055776,2.6799877,0.9744100880767821
112,SER,trj23387_frame17.pdb,0.42464533,0.3260731,-0.09857223448219299
112,SER,trj1796_frame7.pdb,0.42464533,0.38742962,-0.03721571448219302
112,SER,trj23721_frame13.pdb,0.42464533,0.48145118,0.056805845517806985
112,SER,trj27569_frame17.pdb,0.42464533,0.5899397,0.16529436551780696
112,SER,trj24241_frame14.pdb,0.42464533,0.7339515,0.309306165517807
112,SER,trj29447_frame8.pdb,0.42464533,0.8240617,0.399416365517807
112,SER,trj23113_frame14.pdb,0.42464533,0.87646276,0.451817425517807
112,SER,trj17880_frame2.pdb,0.42464533,0.9735141,0.5488687655178071
112,SER,trj30221_frame19.pdb,0.42464533,1.0842779,0.659632565517807
112,SER,trj32859_frame7.pdb,0.42464533,1.1812274,0.756582065517807
189,SER,trj12097_frame19.pdb,2.562962,1.370554,-1.1924080552062988
189,SER,trj17744_frame18.pdb,2.562962,1.4466622,-1.1162998552062988
189,SER,trj10450_frame17.pdb,2.562962,1.5974109,-0.9655511552062988
189,SER,trj27802_frame18.pdb,2.562962,1.7867395,-0.7762225552062989
189,SER,trj23087_frame18.pdb,2.562962,1.8980558,-0.6649062552062988
189,SER,trj16214_frame15.pdb,2.562962,2.087541,-0.47542105520629896
189,SER,trj36290_frame0.pdb,2.562962,2.357794,-0.20516805520629866
189,SER,trj30471_frame14.pdb,2.562962,2.498234,-0.06472805520629876
189,SER,trj11188_frame14.pdb,2.562962,2.5822082,0.019246144793701347
189,SER,trj18443_frame21.pdb,2.562962,2.7243083,0.1613462447937013
258,SER,trj34935_frame21.pdb,1.4463083,1.3564341,-0.0898741551956177
258,SER,trj13444_frame13.pdb,1.4463083,1.5322787,0.08597044480438232
258,SER,trj20027_frame11.pdb,1.4463083,1.6805546,0.23424634480438233
258,SER,trj12729_frame13.pdb,1.4463083,1.7517536,0.30544534480438235
258,SER,trj11103_frame2.pdb,1.4463083,1.844671,0.3983627448043823
258,SER,trj36901_frame22.pdb,1.4463083,2.1072297,0.6609214448043823
258,SER,trj18100_frame18.pdb,1.4463083,2.2243676,0.7780593448043822
258,SER,trj11847_frame3.pdb,1.4463083,2.362103,0.9157947448043822
258,SER,trj3006_frame6.pdb,1.4463083,2.4559727,1.009664444804382
258,SER,trj19739_frame15.pdb,1.4463083,2.638403,1.1920947448043822
43,SER,trj16416_frame17.pdb,0.42079002,0.33991468,-0.08087533665115354
43,SER,trj32653_frame3.pdb,0.42079002,0.44987056,0.02908054334884641
43,SER,trj24455_frame26.pdb,0.42079002,0.48279506,0.062005043348846434
43,SER,trj17961_frame12.pdb,0.42079002,0.60353804,0.18274802334884643
43,SER,trj23333_frame16.pdb,0.42079002,0.7398319,0.3190418833488464
43,SER,trj14876_frame23.pdb,0.42079002,0.7869218,0.36613178334884644
43,SER,trj3400_frame8.pdb,0.42079002,0.8902819,0.4694918833488464
43,SER,trj33555_frame4.pdb,0.42079002,0.98605186,0.5652618433488464
43,SER,trj3406_frame2.pdb,0.42079002,1.07773,0.6569399833488465
43,SER,trj21112_frame3.pdb,0.42079002,1.1614004,0.7406103833488464
193,GLN,trj34123_frame16.pdb,0.9282503,0.34972316,-0.5785271528051759
193,GLN,trj32193_frame8.pdb,0.9282503,0.43797174,-0.4902785728051758
193,GLN,trj20004_frame10.pdb,0.9282503,0.47113213,-0.4571181828051758
193,GLN,trj14572_frame7.pdb,0.9282503,0.57611495,-0.35213536280517577
193,GLN,trj12080_frame5.pdb,0.9282503,0.71342254,-0.21482777280517573
193,GLN,trj29213_frame8.pdb,0.9282503,0.8148953,-0.11335501280517579
193,GLN,trj19561_frame9.pdb,0.9282503,0.86683446,-0.06141585280517581
193,GLN,trj19921_frame8.pdb,0.9282503,0.9240903,-0.00416001280517575
193,GLN,trj27007_frame5.pdb,0.9282503,1.0493393,0.1210889871948242
193,GLN,trj23335_frame8.pdb,0.9282503,1.12013,0.1918796871948243
178,TYR,trj2077_frame3.pdb,1.5226552,0.15661894,-1.3660363086419678
178,TYR,trj33231_frame4.pdb,1.5226552,0.35320553,-1.169449718641968
178,TYR,trj11654_frame10.pdb,1.5226552,0.4974374,-1.0252178486419679
178,TYR,trj14149_frame12.pdb,1.5226552,0.5267974,-0.9958578486419678
178,TYR,trj1416_frame17.pdb,1.5226552,0.78570867,-0.7369465786419678
178,TYR,trj28145_frame3.pdb,1.5226552,0.8973688,-0.6252864486419678
178,TYR,trj25038_frame13.pdb,1.5226552,1.1993127,-0.3233425486419679
178,TYR,trj37796_frame8.pdb,1.5226552,1.3648584,-0.15779684864196786
178,TYR,trj18027_frame1.pdb,1.5226552,1.4292057,-0.09344954864196775
178,TYR,trj31155_frame15.pdb,1.5226552,1.5645206,0.041865351358032266
188,TYR,trj16956_frame11.pdb,1.4323825,0.15212217,-1.2802602944088746
188,TYR,trj14170_frame24.pdb,1.4323825,0.330508,-1.1018744644088745
188,TYR,trj22940_frame3.pdb,1.4323825,0.48980454,-0.9425779244088746
188,TYR,trj28107_frame22.pdb,1.4323825,0.56986946,-0.8625130044088745
188,TYR,trj15042_frame26.pdb,1.4323825,0.7790498,-0.6533326644088745
188,TYR,trj35172_frame12.pdb,1.4323825,0.9851216,-0.44726086440887447
188,TYR,trj32892_frame0.pdb,1.4323825,1.1897172,-0.24266526440887448
188,TYR,trj33081_frame1.pdb,1.4323825,1.3340698,-0.09831266440887454
188,TYR,trj34559_frame12.pdb,1.4323825,1.4523726,0.01999013559112539
188,TYR,trj33436_frame15.pdb,1.4323825,1.6501477,0.21776523559112548
121,VAL,trj12722_frame14.pdb,0.7072904,0.32509947,-0.3821909409954834
121,VAL,trj19338_frame22.pdb,0.7072904,0.41953877,-0.2877516409954834
121,VAL,trj28241_frame12.pdb,0.7072904,0.4645393,-0.2427511109954834
121,VAL,trj30755_frame16.pdb,0.7072904,0.55725324,-0.15003717099548342
121,VAL,trj13367_frame14.pdb,0.7072904,0.7264231,0.01913268900451659
121,VAL,trj1278_frame5.pdb,0.7072904,0.8210852,0.11379478900451656
121,VAL,trj37834_frame19.pdb,0.7072904,0.8894812,0.18219078900451657
121,VAL,trj38533_frame10.pdb,0.7072904,0.92495584,0.21766542900451658
121,VAL,trj11611_frame19.pdb,0.7072904,1.0227367,0.31544628900451666
121,VAL,trj15420_frame3.pdb,0.7072904,1.1214284,0.4141379890045167
175,VAL,trj35496_frame22.pdb,1.7982229,0.8513897,-0.9468331994369507
175,VAL,trj23341_frame12.pdb,1.7982229,0.9917615,-0.8064613994369507
175,VAL,trj15553_frame22.pdb,1.7982229,1.0522755,-0.7459473994369508
175,VAL,trj25752_frame2.pdb,1.7982229,1.167361,-0.6308618994369506
175,VAL,trj29094_frame9.pdb,1.7982229,1.2776475,-0.5205753994369506
175,VAL,trj35820_frame2.pdb,1.7982229,1.5141569,-0.28406599943695077
175,VAL,trj18107_frame14.pdb,1.7982229,1.6747677,-0.1234551994369506
175,VAL,trj36648_frame12.pdb,1.7982229,1.7546382,-0.04358469943695065
175,VAL,trj19746_frame8.pdb,1.7982229,1.8260357,0.027812800563049356
175,VAL,trj12826_frame18.pdb,1.7982229,1.9549643,0.15674140056304942
182,VAL,trj16025_frame27.pdb,1.0059109,0.31792125,-0.687989623413086
182,VAL,trj22620_frame23.pdb,1.0059109,0.36399412,-0.641916753413086
182,VAL,trj10018_frame17.pdb,1.0059109,0.5040685,-0.5018423734130859
182,VAL,trj20448_frame4.pdb,1.0059109,0.5326168,-0.47329407341308594
182,VAL,trj16352_frame21.pdb,1.0059109,0.6530496,-0.35286127341308593
182,VAL,trj39014_frame22.pdb,1.0059109,0.7844623,-0.221448573413086
182,VAL,trj38461_frame26.pdb,1.0059109,0.8498753,-0.15603557341308594
182,VAL,trj25642_frame24.pdb,1.0059109,0.9777228,-0.028188073413085935
182,VAL,trj21079_frame10.pdb,1.0059109,1.0157695,0.009858626586914054
182,VAL,trj32430_frame10.pdb,1.0059109,1.1285017,0.122590826586914
236,VAL,trj38689_frame13.pdb,0.8457095,0.34577113,-0.499938372696991
236,VAL,trj32192_frame8.pdb,0.8457095,0.40495712,-0.44075238269699096
236,VAL,trj15692_frame14.pdb,0.8457095,0.5223181,-0.32339140269699096
236,VAL,trj19825_frame2.pdb,0.8457095,0.5624655,-0.283244002696991
236,VAL,trj27007_frame8.pdb,0.8457095,0.6745369,-0.17117260269699097
236,VAL,trj18363_frame2.pdb,0.8457095,0.7923889,-0.053320602696991015
236,VAL,trj12824_frame26.pdb,0.8457095,0.867145,0.021435497303009088
236,VAL,trj30279_frame15.pdb,0.8457095,0.9819841,0.13627459730300906
236,VAL,trj38442_frame14.pdb,0.8457095,1.0626578,0.21694829730300902
236,VAL,trj33346_frame27.pdb,0.8457095,1.1514163,0.305706797303009
0,VAL,trj12430_frame5.pdb,0.42522004,0.33264858,-0.09257146246711728
0,VAL,trj36961_frame17.pdb,0.42522004,0.3573994,-0.06782064246711733
0,VAL,trj23060_frame25.pdb,0.42522004,0.4626776,0.03745755753288271
0,VAL,trj1271_frame16.pdb,0.42522004,0.5603602,0.13514015753288267
0,VAL,trj13367_frame7.pdb,0.42522004,0.6630294,0.23780935753288268
0,VAL,trj36752_frame15.pdb,0.42522004,0.72862214,0.3034020975328827
0,VAL,trj30685_frame14.pdb,0.42522004,0.87830067,0.4530806275328827
0,VAL,trj25257_frame14.pdb,0.42522004,0.9806625,0.5554424575328827
0,VAL,trj38651_frame15.pdb,0.42522004,1.004498,0.5792779575328826
0,VAL,trj26899_frame26.pdb,0.42522004,1.0893469,0.6641268575328827
36,VAL,trj1496_frame4.pdb,0.3727376,0.29238185,-0.0803557364982605
36,VAL,trj12502_frame3.pdb,0.3727376,0.38123003,0.0084924435017395
36,VAL,trj3310_frame11.pdb,0.3727376,0.4793787,0.10664111350173949
36,VAL,trj13902_frame27.pdb,0.3727376,0.57265484,0.1999172535017395
36,VAL,trj18414_frame27.pdb,0.3727376,0.63905597,0.26631838350173953
36,VAL,trj12391_frame6.pdb,0.3727376,0.71741027,0.3446726835017395
36,VAL,trj13959_frame2.pdb,0.3727376,0.8566969,0.4839593135017395
36,VAL,trj35817_frame18.pdb,0.3727376,0.915761,0.5430234135017395
36,VAL,trj37902_frame29.pdb,0.3727376,1.0531715,0.6804339135017394
36,VAL,trj25475_frame15.pdb,0.3727376,1.0823696,0.7096320135017395
228,GLN,trj22969_frame30.pdb,1.9728432,1.5132177,-0.4596254701660156
228,GLN,trj14808_frame10.pdb,1.9728432,1.5670986,-0.4057445701660156
228,GLN,trj2552_frame16.pdb,1.9728432,1.7393757,-0.23346747016601554
228,GLN,trj18027_frame13.pdb,1.9728432,1.7874403,-0.18540287016601553
228,GLN,trj37610_frame25.pdb,1.9728432,1.973276,0.000432829833984405
228,GLN,trj12864_frame26.pdb,1.9728432,2.1079679,0.13512472983398416
228,GLN,trj16437_frame21.pdb,1.9728432,2.2568266,0.2839834298339845
228,GLN,trj35874_frame20.pdb,1.9728432,2.412529,0.4396858298339845
228,GLN,trj34359_frame0.pdb,1.9728432,2.4346082,0.4617650298339844
228,GLN,trj36729_frame3.pdb,1.9728432,2.5692778,0.5964346298339844
149,GLU,trj37422_frame13.pdb,2.444377,1.5317459,-0.9126310454956055
149,GLU,trj32877_frame17.pdb,2.444377,1.6801543,-0.7642226454956054
149,GLU,trj19010_frame1.pdb,2.444377,1.839737,-0.6046399454956055
149,GLU,trj20292_frame5.pdb,2.444377,1.9779117,-0.46646524549560553
149,GLU,trj2012_frame5.pdb,2.444377,2.0348833,-0.4094936454956053
149,GLU,trj30221_frame26.pdb,2.444377,2.1513035,-0.29307344549560543
149,GLU,trj23341_frame17.pdb,2.444377,2.3776593,-0.06671764549560555
149,GLU,trj18568_frame21.pdb,2.444377,2.5054739,0.061096954504394674
149,GLU,trj24061_frame17.pdb,2.444377,2.563072,0.11869505450439455
149,GLU,trj25490_frame11.pdb,2.444377,2.7718506,0.3274736545043946
157,GLU,trj16566_frame16.pdb,2.5355093,1.4509159,-1.0845934479156494
157,GLU,trj25581_frame9.pdb,2.5355093,1.6324055,-0.9031038479156495
157,GLU,trj29611_frame8.pdb,2.5355093,1.7062095,-0.8292998479156495
157,GLU,trj24621_frame18.pdb,2.5355093,1.8121175,-0.7233918479156494
157,GLU,trj38628_frame20.pdb,2.5355093,1.977336,-0.5581733479156494
157,GLU,trj34073_frame16.pdb,2.5355093,2.1224966,-0.41301274791564957
157,GLU,trj13887_frame12.pdb,2.5355093,2.304381,-0.23112834791564962
157,GLU,trj10239_frame6.pdb,2.5355093,2.4169805,-0.11852884791564922
157,GLU,trj34909_frame12.pdb,2.5355093,2.4752204,-0.06028894791564943
157,GLU,trj34000_frame4.pdb,2.5355093,2.6036057,0.06809635208435072
251,ASN,trj14066_frame20.pdb,2.720375,1.2241529,-1.4962221610351563
251,ASN,trj11767_frame15.pdb,2.720375,1.3118901,-1.4084849610351562
251,ASN,trj29677_frame27.pdb,2.720375,1.4871298,-1.2332452610351563
251,ASN,trj21167_frame17.pdb,2.720375,1.7231315,-0.9972435610351562
251,ASN,trj34133_frame19.pdb,2.720375,1.8557659,-0.8646091610351563
251,ASN,trj24879_frame23.pdb,2.720375,2.1667612,-0.5536138610351564
251,ASN,trj30781_frame4.pdb,2.720375,2.435415,-0.28496006103515636
251,ASN,trj34807_frame20.pdb,2.720375,2.5828848,-0.13749026103515627
251,ASN,trj18525_frame19.pdb,2.720375,2.7468607,0.026485638964843794
251,ASN,trj23666_frame19.pdb,2.720375,2.8501687,0.12979363896484397
197,GLU,trj33196_frame4.pdb,2.400391,1.5165248,-0.8838663018371582
197,GLU,trj23130_frame13.pdb,2.400391,1.6649896,-0.7354015018371582
197,GLU,trj16617_frame17.pdb,2.400391,1.7825214,-0.6178697018371582
197,GLU,trj1976_frame2.pdb,2.400391,1.8302155,-0.5701756018371582
197,GLU,trj3060_frame2.pdb,2.400391,1.9956079,-0.4047832018371582
197,GLU,trj21079_frame8.pdb,2.400391,2.0840108,-0.31638030183715804
197,GLU,trj35719_frame3.pdb,2.400391,2.2203388,-0.18005230183715826
197,GLU,trj35953_frame8.pdb,2.400391,2.4368906,0.036499498162841704
197,GLU,trj28865_frame9.pdb,2.400391,2.5539026,0.1535114981628416
197,GLU,trj10296_frame20.pdb,2.400391,2.6309874,0.23059629816284177
267,GLU,trj37949_frame5.pdb,2.4530132,1.5527012,-0.9003119816864014
267,GLU,trj38901_frame15.pdb,2.4530132,1.6262851,-0.8267280816864013
267,GLU,trj2696_frame10.pdb,2.4530132,1.828109,-0.6249041816864014
267,GLU,trj14733_frame21.pdb,2.4530132,2.004326,-0.44868718168640154
267,GLU,trj14918_frame24.pdb,2.4530132,2.0449371,-0.4080760816864015
267,GLU,trj15069_frame7.pdb,2.4530132,2.286744,-0.16626918168640126
267,GLU,trj12894_frame23.pdb,2.4530132,2.4457934,-0.007219781686401472
267,GLU,trj13704_frame22.pdb,2.4530132,2.4855506,0.032537418313598465
267,GLU,trj1735_frame24.pdb,2.4530132,2.6285772,0.1755640183135987
267,GLU,trj21837_frame4.pdb,2.4530132,2.843338,0.3903248183135988
198,HIS,trj27995_frame26.pdb,0.43052968,0.34308267,-0.0874470138283539
198,HIS,trj36965_frame0.pdb,0.43052968,0.41330007,-0.017229613828353862
198,HIS,trj24644_frame24.pdb,0.43052968,0.48380053,0.053270846171646125
198,HIS,trj38199_frame13.pdb,0.43052968,0.57950044,0.14897075617164612
198,HIS,trj23414_frame16.pdb,0.43052968,0.7613142,0.33078451617164617
198,HIS,trj18225_frame22.pdb,0.43052968,0.8203427,0.3898130161716461
198,HIS,trj36220_frame7.pdb,0.43052968,0.9331473,0.5026176161716461
198,HIS,trj36232_frame11.pdb,0.43052968,0.9749819,0.5444522161716461
198,HIS,trj31105_frame20.pdb,0.43052968,1.0914944,0.6609647161716461
198,HIS,trj15122_frame20.pdb,0.43052968,1.1654878,0.7349581161716461
260,ASP,trj31484_frame27.pdb,2.5202236,1.5027366,-1.017487017553711
260,ASP,trj36524_frame10.pdb,2.5202236,1.5909073,-0.9293163175537109
260,ASP,trj17760_frame15.pdb,2.5202236,1.703232,-0.8169916175537109
260,ASP,trj11920_frame6.pdb,2.5202236,1.8175602,-0.702663417553711
260,ASP,trj14690_frame8.pdb,2.5202236,1.9253255,-0.5948981175537109
260,ASP,trj34215_frame16.pdb,2.5202236,2.1301699,-0.3900537175537111
260,ASP,trj30525_frame2.pdb,2.5202236,2.275721,-0.24450261755371105
260,ASP,trj21907_frame15.pdb,2.5202236,2.4365165,-0.08370711755371074
260,ASP,trj11460_frame1.pdb,2.5202236,2.4944506,-0.025773017553710975
260,ASP,trj10194_frame8.pdb,2.5202236,2.7015028,0.18127918244628916
81,ILE,trj21837_frame7.pdb,0.3833415,0.32178175,-0.061559741222381614
81,ILE,trj36699_frame25.pdb,0.3833415,0.4023042,0.01896270877761841
81,ILE,trj13668_frame7.pdb,0.3833415,0.44140318,0.058061688777618414
81,ILE,trj38903_frame16.pdb,0.3833415,0.5470837,0.16374220877761836
81,ILE,trj17462_frame15.pdb,0.3833415,0.67025054,0.28690904877761836
81,ILE,trj21020_frame2.pdb,0.3833415,0.7921644,0.4088229087776184
81,ILE,trj36108_frame10.pdb,0.3833415,0.8224007,0.4390592087776184
81,ILE,trj23107_frame4.pdb,0.3833415,0.91523683,0.5318953387776184
81,ILE,trj31361_frame17.pdb,0.3833415,1.0052217,0.6218802087776185
81,ILE,trj10270_frame18.pdb,0.3833415,1.088966,0.7056245087776185
90,ILE,trj13241_frame17.pdb,1.618933,1.557595,-0.061337962417602476
90,ILE,trj12578_frame7.pdb,1.618933,1.6127001,-0.006232862417602458
90,ILE,trj38577_frame8.pdb,1.618933,1.7908179,0.17188493758239742
90,ILE,trj27789_frame26.pdb,1.618933,1.8706484,0.25171543758239756
90,ILE,trj14553_frame19.pdb,1.618933,2.022614,0.4036810375823974
90,ILE,trj34073_frame19.pdb,1.618933,2.109232,0.49029903758239746
90,ILE,trj1134_frame3.pdb,1.618933,2.3095913,0.6906583375823976
90,ILE,trj30908_frame24.pdb,1.618933,2.3651006,0.7461676375823973
90,ILE,trj38259_frame17.pdb,1.618933,2.5245652,0.9056322375823975
90,ILE,trj16707_frame23.pdb,1.618933,2.6115465,0.9926135375823977
122,ILE,trj28413_frame4.pdb,1.688208,1.5919086,-0.09629938397064208
122,ILE,trj14692_frame10.pdb,1.688208,1.7085799,0.02037191602935784
122,ILE,trj11333_frame9.pdb,1.688208,1.7894616,0.101253616029358
122,ILE,trj22867_frame16.pdb,1.688208,1.908986,0.22077801602935798
122,ILE,trj23335_frame23.pdb,1.688208,2.1498432,0.46163521602935775
122,ILE,trj11864_frame7.pdb,1.688208,2.2991009,0.6108929160293579
122,ILE,trj34188_frame8.pdb,1.688208,2.4085562,0.720348216029358
122,ILE,trj19888_frame23.pdb,1.688208,2.5725818,0.8843738160293579
122,ILE,trj23700_frame16.pdb,1.688208,2.6528413,0.9646333160293579
122,ILE,trj36851_frame6.pdb,1.688208,2.7429636,1.0547556160293579
151,ILE,trj12963_frame3.pdb,1.5927944,1.4921684,-0.10062601833496099
151,ILE,trj29566_frame24.pdb,1.5927944,1.649099,0.056304581665039155
151,ILE,trj36699_frame3.pdb,1.5927944,1.7773663,0.18457188166503902
151,ILE,trj31706_frame16.pdb,1.5927944,1.8322797,0.23948528166503902
151,ILE,trj17379_frame7.pdb,1.5927944,1.9848614,0.39206698166503906
151,ILE,trj22183_frame3.pdb,1.5927944,2.1438215,0.5510270816650391
151,ILE,trj37346_frame21.pdb,1.5927944,2.3129506,0.7201561816650393
151,ILE,trj17489_frame1.pdb,1.5927944,2.4907253,0.8979308816650389
151,ILE,trj17361_frame22.pdb,1.5927944,2.5407758,0.9479813816650391
151,ILE,trj24181_frame12.pdb,1.5927944,2.6417687,1.0489742816650391
174,ILE,trj11066_frame6.pdb,2.44273,1.1492689,-1.2934610499511718
174,ILE,trj21231_frame16.pdb,2.44273,1.402078,-1.040651949951172
174,ILE,trj33987_frame0.pdb,2.44273,1.7002239,-0.742506049951172
174,ILE,trj24366_frame15.pdb,2.44273,1.8147681,-0.6279618499511719
174,ILE,trj38974_frame3.pdb,2.44273,1.9533644,-0.489365549951172
174,ILE,trj22858_frame6.pdb,2.44273,2.3290334,-0.11369654995117173
174,ILE,trj21973_frame22.pdb,2.44273,2.3618782,-0.08085174995117184
174,ILE,trj21246_frame4.pdb,2.44273,2.5612438,0.1185138500488283
174,ILE,trj15042_frame24.pdb,2.44273,2.893676,0.45094605004882826
174,ILE,trj15852_frame4.pdb,2.44273,2.968512,0.5257820500488282
207,ILE,trj253_frame11.pdb,1.0105987,0.32788694,-0.6827117195153809
207,ILE,trj11085_frame19.pdb,1.0105987,0.39983976,-0.6107588995153809
207,ILE,trj24934_frame1.pdb,1.0105987,0.45293584,-0.5576628195153809
207,ILE,trj15623_frame2.pdb,1.0105987,0.54671705,-0.4638816095153808
207,ILE,trj16644_frame5.pdb,1.0105987,0.6580679,-0.3525307595153808
207,ILE,trj38640_frame10.pdb,1.0105987,0.7679831,-0.24261555951538083
207,ILE,trj33987_frame14.pdb,1.0105987,0.9275865,-0.08301215951538088
207,ILE,trj31374_frame7.pdb,1.0105987,0.96036214,-0.050236519515380884
207,ILE,trj27209_frame17.pdb,1.0105987,1.102777,0.09217834048461904
207,ILE,trj21970_frame4.pdb,1.0105987,1.1269685,0.11636984048461918
223,ILE,trj17364_frame9.pdb,1.5230334,1.5141444,-0.008888980508422906
223,ILE,trj10969_frame21.pdb,1.5230334,1.5769938,0.05396041949157704
223,ILE,trj37393_frame25.pdb,1.5230334,1.6862996,0.16326621949157705
223,ILE,trj14916_frame23.pdb,1.5230334,1.8437853,0.3207519194915771
223,ILE,trj23748_frame13.pdb,1.5230334,2.0108354,0.4878020194915771
223,ILE,trj20485_frame8.pdb,1.5230334,2.2099128,0.6868794194915773
223,ILE,trj18767_frame16.pdb,1.5230334,2.3422313,0.819197919491577
223,ILE,trj14181_frame4.pdb,1.5230334,2.467118,0.9440846194915773
223,ILE,trj23773_frame13.pdb,1.5230334,2.4990208,0.975987419491577
223,ILE,trj31664_frame23.pdb,1.5230334,2.653582,1.1305486194915773
227,ILE,trj34707_frame12.pdb,2.387757,1.5532379,-0.8345191629119872
227,ILE,trj30507_frame23.pdb,2.387757,1.685045,-0.7027120629119874
227,ILE,trj24666_frame19.pdb,2.387757,1.8135026,-0.5742544629119872
227,ILE,trj38426_frame14.pdb,2.387757,1.9093218,-0.47843526291198724
227,ILE,trj28855_frame31.pdb,2.387757,1.9954174,-0.3923396629119873
227,ILE,trj10942_frame21.pdb,2.387757,2.2585714,-0.1291856629119872
227,ILE,trj14692_frame4.pdb,2.387757,2.4228742,0.03511713708801256
227,ILE,trj20274_frame22.pdb,2.387757,2.5708566,0.18309953708801263
227,ILE,trj16416_frame3.pdb,2.387757,2.686102,0.2983449370880127
227,ILE,trj33466_frame6.pdb,2.387757,2.7541478,0.36639073708801284
238,ILE,trj17619_frame18.pdb,2.4732356,1.5558864,-0.9173492071472169
238,ILE,trj10983_frame27.pdb,2.4732356,1.6294212,-0.8438144071472169
238,ILE,trj13902_frame19.pdb,2.4732356,1.7613091,-0.7119265071472167
238,ILE,trj34188_frame24.pdb,2.4732356,1.9240887,-0.5491469071472168
238,ILE,trj29576_frame8.pdb,2.4732356,2.0387428,-0.4344928071472167
238,ILE,trj31796_frame14.pdb,2.4732356,2.2859201,-0.187315507147217
238,ILE,trj23010_frame10.pdb,2.4732356,2.4020798,-0.0711558071472167
238,ILE,trj28204_frame8.pdb,2.4732356,2.4647593,-0.008476307147216922
238,ILE,trj37820_frame22.pdb,2.4732356,2.678699,0.20546339285278314
238,ILE,trj36854_frame8.pdb,2.4732356,2.7307634,0.25752779285278304
243,ILE,trj13587_frame12.pdb,2.4533043,1.5210963,-0.9322079907714844
243,ILE,trj20834_frame23.pdb,2.4533043,1.6869385,-0.7663657907714845
243,ILE,trj35315_frame17.pdb,2.4533043,1.8319968,-0.6213074907714844
243,ILE,trj16792_frame9.pdb,2.4533043,1.8781459,-0.5751583907714843
243,ILE,trj19053_frame18.pdb,2.4533043,2.14865,-0.3046542907714844
243,ILE,trj11145_frame11.pdb,2.4533043,2.3010726,-0.15223169077148446
243,ILE,trj36047_frame8.pdb,2.4533043,2.389935,-0.06336929077148445
243,ILE,trj2458_frame1.pdb,2.4533043,2.58179,0.12848570922851543
243,ILE,trj10056_frame17.pdb,2.4533043,2.7320735,0.27876920922851545
243,ILE,trj2723_frame8.pdb,2.4533043,2.7685308,0.3152265092285158
254,ILE,trj38548_frame17.pdb,2.5071282,1.5294641,-0.9776641386779785
254,ILE,trj36118_frame7.pdb,2.5071282,1.654151,-0.8529772386779786
254,ILE,trj34393_frame14.pdb,2.5071282,1.7167931,-0.7903351386779784
254,ILE,trj24893_frame10.pdb,2.5071282,1.8966577,-0.6104705386779785
254,ILE,trj33633_frame12.pdb,2.5071282,1.9886616,-0.5184666386779786
254,ILE,trj25878_frame11.pdb,2.5071282,2.1255515,-0.3815767386779787
254,ILE,trj11926_frame0.pdb,2.5071282,2.3671052,-0.14002303867797838
254,ILE,trj2184_frame10.pdb,2.5071282,2.4758372,-0.031291038677978555
254,ILE,trj28096_frame12.pdb,2.5071282,2.6280766,0.12094836132202147
254,ILE,trj16832_frame8.pdb,2.5071282,2.6811967,0.17406846132202158
263,ILE,trj15950_frame11.pdb,2.4400272,1.5182301,-0.9217971369384765
263,ILE,trj33555_frame1.pdb,2.4400272,1.6265886,-0.8134386369384765
263,ILE,trj25753_frame9.pdb,2.4400272,1.7553468,-0.6846804369384765
263,ILE,trj30132_frame24.pdb,2.4400272,1.8445221,-0.5955051369384765
263,ILE,trj21297_frame23.pdb,2.4400272,2.0463424,-0.39368483693847667
263,ILE,trj37820_frame6.pdb,2.4400272,2.0798838,-0.3601434369384764
263,ILE,trj30067_frame21.pdb,2.4400272,2.3342443,-0.10578293693847662
263,ILE,trj23721_frame0.pdb,2.4400272,2.429348,-0.0106792369384765
263,ILE,trj30186_frame0.pdb,2.4400272,2.5325546,0.09252736306152354
263,ILE,trj31679_frame12.pdb,2.4400272,2.6175451,0.1775178630615235
41,ILE,trj2979_frame22.pdb,1.7343502,1.5154032,-0.2189470044677735
41,ILE,trj30825_frame17.pdb,1.7343502,1.6588744,-0.07547580446777347
41,ILE,trj13415_frame15.pdb,1.7343502,1.6778158,-0.05653440446777336
41,ILE,trj14485_frame11.pdb,1.7343502,1.8348464,0.10049619553222655
41,ILE,trj33265_frame13.pdb,1.7343502,1.9918158,0.2574655955322265
41,ILE,trj3018_frame19.pdb,1.7343502,2.0713477,0.3369974955322266
41,ILE,trj38933_frame16.pdb,1.7343502,2.3317814,0.5974311955322267
41,ILE,trj35074_frame10.pdb,1.7343502,2.4115267,0.6771764955322266
41,ILE,trj38548_frame10.pdb,1.7343502,2.5157962,0.7814459955322266
41,ILE,trj20759_frame19.pdb,1.7343502,2.6119232,0.8775729955322267
113,LEU,trj37223_frame4.pdb,2.3138971,1.553494,-0.7604031328735352
113,LEU,trj25572_frame1.pdb,2.3138971,1.6820168,-0.6318803328735352
113,LEU,trj23630_frame7.pdb,2.3138971,1.7521343,-0.5617628328735351
113,LEU,trj37441_frame5.pdb,2.3138971,1.9019419,-0.4119552328735352
113,LEU,trj1000_frame8.pdb,2.3138971,2.1486132,-0.16528393287353538
113,LEU,trj20761_frame23.pdb,2.3138971,2.1753762,-0.13852093287353506
113,LEU,trj21773_frame0.pdb,2.3138971,2.470731,0.15683386712646463
113,LEU,trj19870_frame8.pdb,2.3138971,2.6110144,0.297117267126465
113,LEU,trj28976_frame13.pdb,2.3138971,2.634451,0.3205538671264647
113,LEU,trj34456_frame19.pdb,2.3138971,2.793155,0.4792578671264649
114,LEU,trj25477_frame5.pdb,1.6763749,1.5465274,-0.1298475122619629
114,LEU,trj20623_frame1.pdb,1.6763749,1.6573377,-0.019037212261962866
114,LEU,trj30781_frame4.pdb,1.6763749,1.7937782,0.1174032877380371
114,LEU,trj27532_frame8.pdb,1.6763749,1.9950163,0.3186413877380372
114,LEU,trj30252_frame10.pdb,1.6763749,2.0639427,0.38756778773803724
114,LEU,trj19126_frame11.pdb,1.6763749,2.2294285,0.5530535877380371
114,LEU,trj29398_frame6.pdb,1.6763749,2.428556,0.752181087738037
114,LEU,trj31076_frame4.pdb,1.6763749,2.597385,0.9210100877380372
114,LEU,trj21943_frame13.pdb,1.6763749,2.7015738,1.025198887738037
114,LEU,trj17462_frame17.pdb,1.6763749,2.7678564,1.091481487738037
132,LEU,trj24169_frame16.pdb,1.33108,0.8967882,-0.43429175986938473
132,LEU,trj38974_frame8.pdb,1.33108,0.9516689,-0.3794110598693847
132,LEU,trj36770_frame24.pdb,1.33108,1.0481111,-0.2829688598693847
132,LEU,trj34123_frame12.pdb,1.33108,1.1541255,-0.17695445986938485
132,LEU,trj36495_frame4.pdb,1.33108,1.2418208,-0.08925915986938482
132,LEU,trj26938_frame19.pdb,1.33108,1.294894,-0.036185959869384776
132,LEU,trj13803_frame21.pdb,1.33108,1.4396876,0.1086076401306153
132,LEU,trj18950_frame9.pdb,1.33108,1.5325062,0.20142624013061527
132,LEU,trj35082_frame13.pdb,1.33108,1.5736419,0.24256194013061516
132,LEU,trj26654_frame8.pdb,1.33108,1.6698058,0.33872584013061524
201,LEU,trj19315_frame0.pdb,2.4599535,1.5344747,-0.9254788465240478
201,LEU,trj18217_frame4.pdb,2.4599535,1.6440557,-0.8158978465240478
201,LEU,trj14846_frame9.pdb,2.4599535,1.8093133,-0.650640246524048
201,LEU,trj10751_frame5.pdb,2.4599535,1.8924695,-0.5674840465240478
201,LEU,trj12167_frame8.pdb,2.4599535,2.012009,-0.4479445465240479
201,LEU,trj22500_frame12.pdb,2.4599535,2.188998,-0.27095554652404763
201,LEU,trj35171_frame26.pdb,2.4599535,2.440309,-0.01964454652404779
201,LEU,trj32431_frame4.pdb,2.4599535,2.5367966,0.07684305347595233
201,LEU,trj14788_frame14.pdb,2.4599535,2.6643715,0.20441795347595226
201,LEU,trj36671_frame18.pdb,2.4599535,2.806907,0.34695345347595197
