residue_index,residue_name,sampled_file,ref_angle_rad,sampled_angle_rad,delta_angle_rad,activity_ref,activity_sample,delta_activity,deltaA_by_deltaTheta
120,ARG,equil_replaced_trj34951_frame5.pdb,1.4689059,0.8572422,-0.6116637257507325,86.02448,82.73651,3.2879715,-5.375456085035126
120,ARG,equil_replaced_trj16595_frame23.pdb,1.4689059,0.8906493,-0.5782566257507324,86.02448,68.48853,17.53595,-30.32554911803194
120,ARG,equil_replaced_trj10967_frame15.pdb,1.4689059,1.0153475,-0.4535584257507323,86.02448,95.404465,-9.379982,20.680868135352377
120,ARG,equil_replaced_trj35211_frame11.pdb,1.4689059,1.0888634,-0.3800425257507325,86.02448,85.10288,0.92160034,-2.4249926767441465
120,ARG,equil_replaced_trj2478_frame15.pdb,1.4689059,1.2060223,-0.2628836257507323,86.02448,85.16592,0.8585663,-3.265955731277781
120,ARG,equil_replaced_trj16950_frame6.pdb,1.4689059,1.3057187,-0.1631872257507325,86.02448,88.80094,-2.7764587,17.013946572481103
120,ARG,equil_replaced_trj17420_frame11.pdb,1.4689059,1.4175463,-0.0513596257507324,86.02448,94.82673,-8.802246,171.38454506017266
120,ARG,equil_replaced_trj14162_frame8.pdb,1.4689059,1.5222791,0.0533731742492675,86.02448,90.371895,-4.347412,-81.45313016369201
120,ARG,equil_replaced_trj13679_frame0.pdb,1.4689059,1.5773052,0.1083992742492676,86.02448,86.56454,-0.5400543,-4.982084290040451
120,ARG,equil_replaced_trj13363_frame8.pdb,1.4689059,1.6395004,0.1705944742492675,86.02448,86.1527,-0.1282196,-0.7516046756874252
262,ARG,equil_replaced_trj31820_frame19.pdb,2.2794683,1.4560014,-0.8234668979583741,86.02448,92.37993,-6.355446,7.717912981776799
262,ARG,equil_replaced_trj32763_frame11.pdb,2.2794683,1.6620117,-0.6174565979583739,86.02448,84.89501,1.1294708,-1.8292311215556178
262,ARG,equil_replaced_trj11529_frame3.pdb,2.2794683,1.7731766,-0.506291697958374,86.02448,92.11042,-6.0859375,12.020614844252037
262,ARG,equil_replaced_trj1172_frame0.pdb,2.2794683,1.8360642,-0.443404097958374,86.02448,79.386154,6.6383286,-14.97128371797161
262,ARG,equil_replaced_trj14513_frame13.pdb,2.2794683,1.9921294,-0.287338897958374,86.02448,91.5998,-5.5753174,19.40328101216627
262,ARG,equil_replaced_trj17635_frame7.pdb,2.2794683,2.0973384,-0.1821298979583741,86.02448,86.4199,-0.39541626,2.1710672668141378
262,ARG,equil_replaced_trj22381_frame18.pdb,2.2794683,2.3107822,0.0313139020416257,86.02448,72.91588,13.108604,418.61932165870036
262,ARG,equil_replaced_trj37802_frame10.pdb,2.2794683,2.5065074,0.2270391020416258,86.02448,86.09923,-0.07474518,-0.32921720333862275
262,ARG,equil_replaced_trj11384_frame4.pdb,2.2794683,2.6160064,0.3365381020416258,86.02448,83.372345,2.6521378,7.880646322833359
262,ARG,equil_replaced_trj27914_frame6.pdb,2.2794683,2.678925,0.399456702041626,86.02448,80.20302,5.8214645,14.573455668213033
111,GLN,equil_replaced_trj14379_frame12.pdb,2.2111177,1.3920304,-0.8190873444458009,86.02448,73.49511,12.529373,-15.296748574992032
111,GLN,equil_replaced_trj29395_frame21.pdb,2.2111177,1.4475703,-0.7635474444458008,86.02448,92.67118,-6.646698,8.705022911668825
111,GLN,equil_replaced_trj29598_frame11.pdb,2.2111177,1.595507,-0.6156107444458008,86.02448,68.32722,17.697266,-28.747493094734462
111,GLN,equil_replaced_trj3403_frame5.pdb,2.2111177,1.7307258,-0.4803919444458007,86.02448,94.16862,-8.1441345,16.95310384706757
111,GLN,equil_replaced_trj27970_frame4.pdb,2.2111177,1.8624773,-0.3486404444458009,86.02448,80.13845,5.886032,-16.88281494090173
111,GLN,equil_replaced_trj36929_frame24.pdb,2.2111177,2.04052,-0.1705977444458009,86.02448,29.035244,56.98924,-334.0562263829884
111,GLN,equil_replaced_trj32833_frame7.pdb,2.2111177,2.227125,0.0160072555541992,86.02448,76.10784,9.916641,619.50914707238
111,GLN,equil_replaced_trj36387_frame15.pdb,2.2111177,2.3710227,0.1599049555541993,86.02448,79.21189,6.8125916,42.60400516746504
111,GLN,equil_replaced_trj38732_frame0.pdb,2.2111177,2.452345,0.2412272555541994,86.02448,84.44714,1.5773392,6.5388099231966
111,GLN,equil_replaced_trj34030_frame23.pdb,2.2111177,2.5269527,0.315834955554199,86.02448,85.82439,0.20009613,0.633546499056708
253,LEU,equil_replaced_trj37282_frame12.pdb,2.6506677,1.5453951,-1.105272567388916,86.02448,84.08958,1.934906,-1.7506143398007026
253,LEU,equil_replaced_trj10294_frame10.pdb,2.6506677,1.578662,-1.072005667388916,86.02448,88.72226,-2.6977768,2.5165695261710397
253,LEU,equil_replaced_trj18307_frame12.pdb,2.6506677,1.7901692,-0.860498467388916,86.02448,83.2713,2.7531815,-3.1995193040537826
253,LEU,equil_replaced_trj31176_frame0.pdb,2.6506677,1.8813093,-0.7693583673889159,86.02448,85.88794,0.13654327,-0.17747681667411785
253,LEU,equil_replaced_trj24181_frame23.pdb,2.6506677,2.0502384,-0.600429267388916,86.02448,86.88991,-0.8654251,1.4413439798275516
253,LEU,equil_replaced_trj21089_frame4.pdb,2.6506677,2.2532792,-0.3973884673889158,86.02448,89.19719,-3.1727066,7.983891995785687
253,LEU,equil_replaced_trj13768_frame17.pdb,2.6506677,2.426392,-0.2242756673889161,86.02448,80.15697,5.8675156,-26.16206935097419
253,LEU,equil_replaced_trj14710_frame23.pdb,2.6506677,2.545665,-0.1050026673889159,86.02448,92.82539,-6.800911,64.76893510254709
253,LEU,equil_replaced_trj35398_frame12.pdb,2.6506677,2.614482,-0.0361856673889158,86.02448,93.23286,-7.208374,199.20522526124614
253,LEU,equil_replaced_trj21631_frame23.pdb,2.6506677,2.7637768,0.113109132611084,86.02448,79.34258,6.6819,59.07480563385805
11,LEU,equil_replaced_trj14657_frame10.pdb,1.8198211,1.5786352,-0.2411859193084717,86.02448,94.176956,-8.152473,33.80161442708515
11,LEU,equil_replaced_trj13309_frame1.pdb,1.8198211,1.6734831,-0.1463380193084718,86.02448,83.72999,2.2944946,-15.679415641601603
11,LEU,equil_replaced_trj28112_frame7.pdb,1.8198211,1.7866325,-0.0331886193084716,86.02448,81.28476,4.739723,-142.81170185216362
11,LEU,equil_replaced_trj15086_frame14.pdb,1.8198211,1.9049184,0.0850972806915282,86.02448,79.76024,6.264244,73.6127409558162
11,LEU,equil_replaced_trj30171_frame9.pdb,1.8198211,2.1082768,0.2884556806915284,86.02448,85.23803,0.78645325,2.7264266218814313
11,LEU,equil_replaced_trj32074_frame7.pdb,1.8198211,2.328598,0.5087768806915283,86.02448,82.539055,3.4854279,6.850601882121546
11,LEU,equil_replaced_trj32143_frame18.pdb,1.8198211,2.3979774,0.5781562806915281,86.02448,84.433846,1.5906372,2.751223605369644
11,LEU,equil_replaced_trj18299_frame5.pdb,1.8198211,2.6002805,0.7804593806915285,86.02448,32.398792,53.62569,68.71041823174687
11,LEU,equil_replaced_trj36332_frame1.pdb,1.8198211,2.701534,0.8817128806915284,86.02448,84.23038,1.7941055,2.0347956450154583
11,LEU,equil_replaced_trj11926_frame28.pdb,1.8198211,2.7905033,0.9706821806915285,86.02448,85.037384,0.9870987,1.0169123462680982
22,LEU,equil_replaced_trj33873_frame24.pdb,2.53366,1.5716158,-0.9620441349975586,86.02448,81.650444,4.3740387,-4.546609180565466
22,LEU,equil_replaced_trj30067_frame8.pdb,2.53366,1.6394795,-0.8941804349975586,86.02448,94.41683,-8.392349,9.385520991842073
22,LEU,equil_replaced_trj13529_frame19.pdb,2.53366,1.7877256,-0.7459343349975587,86.02448,91.699135,-5.674652,7.6074418797573475
22,LEU,equil_replaced_trj32669_frame9.pdb,2.53366,1.8821695,-0.6514904349975585,86.02448,37.221687,48.802795,-74.90945804958616
22,LEU,equil_replaced_trj12954_frame12.pdb,2.53366,2.0477273,-0.4859326349975585,86.02448,83.5908,2.4336853,-5.008277130319931
22,LEU,equil_replaced_trj29927_frame13.pdb,2.53366,2.2371416,-0.2965183349975584,86.02448,88.92287,-2.898384,9.774721331354256
22,LEU,equil_replaced_trj22831_frame18.pdb,2.53366,2.4359663,-0.0976936349975585,86.02448,87.94469,-1.9202042,19.655366111063888
22,LEU,equil_replaced_trj2822_frame16.pdb,2.53366,2.536847,0.0031870650024412,86.02448,92.07933,-6.0548477,-1899.8193361752326
22,LEU,equil_replaced_trj32573_frame5.pdb,2.53366,2.628508,0.0948480650024414,86.02448,80.61524,5.4092407,57.030585943076595
22,LEU,equil_replaced_trj19796_frame24.pdb,2.53366,2.7728841,0.2392241650024416,86.02448,95.67294,-9.64846,-40.33229831980025
53,LEU,equil_replaced_trj12582_frame23.pdb,0.7537448,0.29971904,-0.4540257410173035,86.02448,68.05053,17.973953,-39.58796082089386
53,LEU,equil_replaced_trj11993_frame15.pdb,0.7537448,0.44067317,-0.3130716110173034,86.02448,79.94259,6.081894,-19.426526413991247
53,LEU,equil_replaced_trj35215_frame15.pdb,0.7537448,0.5035388,-0.2502059810173035,86.02448,80.864586,5.159897,-20.62259594917155
53,LEU,equil_replaced_trj17460_frame4.pdb,0.7537448,0.5819974,-0.1717473810173034,86.02448,84.10933,1.9151535,-11.150991019915573
53,LEU,equil_replaced_trj34731_frame24.pdb,0.7537448,0.710921,-0.0428237810173034,86.02448,93.47389,-7.4494095,173.9549686622316
53,LEU,equil_replaced_trj21247_frame5.pdb,0.7537448,0.79005456,0.0363097789826964,86.02448,38.76463,47.259853,1301.573699623978
53,LEU,equil_replaced_trj12391_frame24.pdb,0.7537448,0.9227175,0.1689727189826965,86.02448,94.3912,-8.3667145,-49.51517930178923
53,LEU,equil_replaced_trj38029_frame12.pdb,0.7537448,0.9816772,0.2279324189826965,86.02448,89.28032,-3.2558365,-14.284218547531728
53,LEU,equil_replaced_trj21712_frame20.pdb,0.7537448,1.0295128,0.2757680189826965,86.02448,84.14355,1.8809357,6.820717195141236
53,LEU,equil_replaced_trj1375_frame17.pdb,0.7537448,1.1266279,0.3728831189826964,86.02448,91.21506,-5.1905746,-13.920111642911252
109,LYS,equil_replaced_trj31176_frame18.pdb,2.3643596,1.5055981,-0.8587615172332763,86.02448,92.292946,-6.268463,7.299422492709163
109,LYS,equil_replaced_trj2424_frame18.pdb,2.3643596,1.5302737,-0.8340859172332764,86.02448,82.93075,3.0937347,-3.709131969849198
109,LYS,equil_replaced_trj29566_frame1.pdb,2.3643596,1.6635923,-0.7007673172332765,86.02448,91.297966,-5.2734833,7.525298550148726
109,LYS,equil_replaced_trj33396_frame1.pdb,2.3643596,1.8445203,-0.5198393172332765,86.02448,80.59496,5.4295197,-10.444611389183997
109,LYS,equil_replaced_trj21175_frame11.pdb,2.3643596,1.9506965,-0.4136631172332763,86.02448,70.35629,15.66819,-37.876690837790285
109,LYS,equil_replaced_trj20004_frame11.pdb,2.3643596,2.1637275,-0.2006321172332765,86.02448,92.27744,-6.25296,31.16629725742145
109,LYS,equil_replaced_trj32198_frame8.pdb,2.3643596,2.3361392,-0.0282204172332765,86.02448,85.49588,0.5286026,-18.73121136828364
109,LYS,equil_replaced_trj23080_frame13.pdb,2.3643596,2.3765163,0.0121566827667236,86.02448,35.841297,50.183186,4128.032831025142
109,LYS,equil_replaced_trj22225_frame9.pdb,2.3643596,2.4966278,0.1322681827667238,86.02448,90.09021,-4.065727,-30.738512836887477
109,LYS,equil_replaced_trj38335_frame18.pdb,2.3643596,2.6442251,0.2798654827667235,86.02448,93.32873,-7.304245,-26.099127777059596
116,LYS,equil_replaced_trj23833_frame7.pdb,0.7298042,0.37766942,-0.3521347978153992,86.02448,94.724785,-8.700302,24.707305776080744
116,LYS,equil_replaced_trj29704_frame17.pdb,0.7298042,0.40190944,-0.3278947778153991,86.02448,83.8042,2.2202835,-6.771329275487195
116,LYS,equil_replaced_trj33349_frame13.pdb,0.7298042,0.47901958,-0.2507846378153991,86.02448,79.295715,6.7287674,-26.830859551981536
116,LYS,equil_replaced_trj13241_frame15.pdb,0.7298042,0.5736483,-0.1561559178153991,86.02448,86.11326,-0.088775635,0.5685063749589804
116,LYS,equil_replaced_trj33562_frame22.pdb,0.7298042,0.7472955,0.0174912821846008,86.02448,78.492874,7.5316086,430.59213738908994
116,LYS,equil_replaced_trj32160_frame18.pdb,0.7298042,0.7727413,0.0429370821846007,86.02448,79.35795,6.6665344,155.26286567788867
116,LYS,equil_replaced_trj15335_frame20.pdb,0.7298042,0.8953165,0.1655122821846008,86.02448,91.0243,-4.999817,-30.20813216118188
116,LYS,equil_replaced_trj27586_frame14.pdb,0.7298042,0.97226787,0.2424636521846008,86.02448,82.062775,3.961708,16.33938956685925
116,LYS,equil_replaced_trj22620_frame10.pdb,0.7298042,1.077006,0.3472017821846007,86.02448,95.58416,-9.559677,-27.5334909396886
116,LYS,equil_replaced_trj17880_frame3.pdb,0.7298042,1.1669991,0.4371948821846008,86.02448,93.22689,-7.202408,-16.474135746797064
118,LYS,equil_replaced_trj29395_frame8.pdb,1.7291108,1.5076014,-0.221509436982727,86.02448,90.62372,-4.5992355,20.76315843386217
118,LYS,equil_replaced_trj31855_frame16.pdb,1.7291108,1.6452816,-0.0838292369827271,86.02448,94.28061,-8.256126,98.48743351331896
118,LYS,equil_replaced_trj24141_frame20.pdb,1.7291108,1.6874968,-0.0416140369827271,86.02448,75.789536,10.234947,-245.9493946438819
118,LYS,equil_replaced_trj36337_frame0.pdb,1.7291108,1.8257083,0.096597463017273,86.02448,80.80307,5.2214127,54.053310465904715
118,LYS,equil_replaced_trj18719_frame6.pdb,1.7291108,1.9351898,0.206078963017273,86.02448,82.24631,3.7781754,18.33362949175569
118,LYS,equil_replaced_trj2700_frame15.pdb,1.7291108,2.183426,0.4543151630172728,86.02448,90.88345,-4.8589706,-10.695154019997146
118,LYS,equil_replaced_trj19850_frame0.pdb,1.7291108,2.341857,0.612746163017273,86.02448,83.287155,2.7373276,4.467310839131978
118,LYS,equil_replaced_trj12274_frame0.pdb,1.7291108,2.4626245,0.7335136630172729,86.02448,68.2674,17.75708,24.20824719894393
118,LYS,equil_replaced_trj20617_frame12.pdb,1.7291108,2.5416884,0.8125775630172729,86.02448,90.22347,-4.19899,-5.167494229809056
118,LYS,equil_replaced_trj11656_frame17.pdb,1.7291108,2.67225,0.943139163017273,86.02448,82.22376,3.8007202,4.029861513421368
148,GLN,equil_replaced_trj28255_frame22.pdb,1.7907201,1.5491924,-0.2415277051712037,86.02448,82.141754,3.8827286,-16.07570681760064
148,GLN,equil_replaced_trj23611_frame11.pdb,1.7907201,1.5842295,-0.2064906051712036,86.02448,79.1957,6.828781,-33.07066257211979
148,GLN,equil_replaced_trj24394_frame17.pdb,1.7907201,1.7388017,-0.0519184051712036,86.02448,95.9535,-9.929016,191.2427024778556
148,GLN,equil_replaced_trj12190_frame17.pdb,1.7907201,1.9756544,0.1849342948287964,86.02448,79.33952,6.6849594,36.14775408644308
148,GLN,equil_replaced_trj18788_frame1.pdb,1.7907201,2.0176282,0.2269080948287962,86.02448,80.99402,5.030464,22.169610899773332
148,GLN,equil_replaced_trj30746_frame11.pdb,1.7907201,2.1479988,0.3572786948287962,86.02448,86.227295,-0.2028122,-0.5676582392392695
148,GLN,equil_replaced_trj23142_frame6.pdb,1.7907201,2.4014978,0.6107776948287964,86.02448,39.82374,46.200745,75.64248829004228
148,GLN,equil_replaced_trj2077_frame16.pdb,1.7907201,2.432942,0.6422218948287965,86.02448,84.15359,1.8708954,2.913160390212063
148,GLN,equil_replaced_trj34824_frame23.pdb,1.7907201,2.5868447,0.7961245948287963,86.02448,75.7547,10.269783,12.899718318874461
148,GLN,equil_replaced_trj28468_frame12.pdb,1.7907201,2.7276092,0.9368890948287962,86.02448,83.33325,2.6912308,2.8725179840176995
196,LYS,equil_replaced_trj32653_frame20.pdb,2.5463777,1.5076699,-1.038707758843994,86.02448,84.90891,1.1155701,-1.0739980123003252
196,LYS,equil_replaced_trj15335_frame21.pdb,2.5463777,1.5444483,-1.001929358843994,86.02448,94.632065,-8.607582,8.59100695703379
196,LYS,equil_replaced_trj17379_frame12.pdb,2.5463777,1.6897819,-0.8565957588439941,86.02448,85.21293,0.81155396,-0.9474176666171514
196,LYS,equil_replaced_trj14290_frame15.pdb,2.5463777,1.8435314,-0.7028462588439941,86.02448,91.419464,-5.3949814,7.675905386692583
196,LYS,equil_replaced_trj17604_frame1.pdb,2.5463777,1.9839094,-0.5624682588439942,86.02448,79.80835,6.216133,-11.051526943851748
196,LYS,equil_replaced_trj33056_frame23.pdb,2.5463777,2.266317,-0.2800606588439942,86.02448,85.620636,0.40384674,-1.4419973958127985
196,LYS,equil_replaced_trj33698_frame19.pdb,2.5463777,2.4042006,-0.1421770588439943,86.02448,37.80332,48.22116,-339.1627403235511
196,LYS,equil_replaced_trj17543_frame18.pdb,2.5463777,2.5138407,-0.0325369588439943,86.02448,35.824707,50.199776,-1542.8539568339743
196,LYS,equil_replaced_trj37049_frame16.pdb,2.5463777,2.6315331,0.0851554411560058,86.02448,83.692085,2.3323975,27.3898817183569
196,LYS,equil_replaced_trj32403_frame23.pdb,2.5463777,2.7528307,0.2064530411560059,86.02448,89.01752,-2.9930344,-14.497409900255658
199,LYS,equil_replaced_trj38908_frame9.pdb,0.5113343,0.34656835,-0.1647659500411987,86.02448,81.715706,4.308777,-26.150893764102154
199,LYS,equil_replaced_trj32211_frame18.pdb,0.5113343,0.40465745,-0.1066768500411987,86.02448,84.2111,1.813385,-16.998861599918765
199,LYS,equil_replaced_trj33484_frame11.pdb,0.5113343,0.48925173,-0.0220825700411987,86.02448,81.016846,5.007637,-226.7687599126009
199,LYS,equil_replaced_trj21074_frame2.pdb,0.5113343,0.57116055,0.0598262499588012,86.02448,80.85304,5.17144,86.44098749416825
199,LYS,equil_replaced_trj14952_frame23.pdb,0.5113343,0.74522954,0.2338952399588012,86.02448,82.753334,3.2711487,13.985529086512457
199,LYS,equil_replaced_trj34165_frame6.pdb,0.5113343,0.8151018,0.3037674999588012,86.02448,94.885445,-8.860962,-29.17021049080062
199,LYS,equil_replaced_trj25130_frame20.pdb,0.5113343,0.9282619,0.4169275999588012,86.02448,84.820076,1.2044067,2.8887671106452624
199,LYS,equil_replaced_trj14182_frame4.pdb,0.5113343,1.0074735,0.4961391999588012,86.02448,92.14898,-6.1244965,-12.344310750832646
199,LYS,equil_replaced_trj12037_frame8.pdb,0.5113343,1.0702856,0.5589512999588013,86.02448,91.73774,-5.713257,-10.221385720649737
199,LYS,equil_replaced_trj14264_frame2.pdb,0.5113343,1.165898,0.6545636999588014,86.02448,80.26477,5.759712,8.799315054594077
202,LYS,equil_replaced_trj14802_frame9.pdb,1.8979203,1.4724267,-0.4254935508926392,86.02448,84.829704,1.1947784,-2.8079824943910365
202,LYS,equil_replaced_trj31136_frame6.pdb,1.8979203,1.5685992,-0.3293210508926392,86.02448,92.11349,-6.0890045,18.489569677058444
202,LYS,equil_replaced_trj146_frame18.pdb,1.8979203,1.6736377,-0.2242825508926391,86.02448,73.86621,12.158272,-54.20961970140412
202,LYS,equil_replaced_trj29682_frame6.pdb,1.8979203,1.9098378,0.0119175491073608,86.02448,78.862144,7.1623383,600.9908742404227
202,LYS,equil_replaced_trj37639_frame22.pdb,1.8979203,1.9673007,0.0693804491073608,86.02448,76.68953,9.334953,134.54731741013035
202,LYS,equil_replaced_trj13452_frame13.pdb,1.8979203,2.166286,0.2683657491073608,86.02448,76.22642,9.798065,36.51011806885655
202,LYS,equil_replaced_trj29206_frame17.pdb,1.8979203,2.2434144,0.3454941491073606,86.02448,95.907,-9.882515,-28.604000904635694
202,LYS,equil_replaced_trj23108_frame3.pdb,1.8979203,2.4312816,0.533361349107361,86.02448,85.29393,0.7305527,1.369714311999743
202,LYS,equil_replaced_trj37543_frame21.pdb,1.8979203,2.6274028,0.7294825491073609,86.02448,82.83317,3.1913147,4.374764963426077
202,LYS,equil_replaced_trj34648_frame20.pdb,1.8979203,2.6714954,0.7735751491073608,86.02448,84.354485,1.6699982,2.158805347964379
166,GLN,equil_replaced_trj33466_frame4.pdb,1.8001952,1.449509,-0.3506862171325684,86.02448,92.03531,-6.010826,17.140183495057624
166,GLN,equil_replaced_trj22227_frame1.pdb,1.8001952,1.5698605,-0.2303347171325682,86.02448,37.06351,48.96097,-212.5644472608795
166,GLN,equil_replaced_trj2957_frame23.pdb,1.8001952,1.7024674,-0.0977278171325684,86.02448,92.680405,-6.655922,68.1067287833346
166,GLN,equil_replaced_trj10239_frame5.pdb,1.8001952,1.7596589,-0.0405363171325683,86.02448,84.236595,1.7878876,-44.105821636315746
166,GLN,equil_replaced_trj13696_frame11.pdb,1.8001952,1.9609771,0.1607818828674316,86.02448,78.615555,7.408928,46.080614216897196
166,GLN,equil_replaced_trj31579_frame10.pdb,1.8001952,2.0398304,0.2396351828674316,86.02448,91.26185,-5.2373657,-21.85557921832208
166,GLN,equil_replaced_trj30436_frame2.pdb,1.8001952,2.2696533,0.4694580828674315,86.02448,94.116516,-8.092033,-17.236966795426437
166,GLN,equil_replaced_trj23017_frame22.pdb,1.8001952,2.4468064,0.6466111828674315,86.02448,81.89207,4.132416,6.390882002935611
166,GLN,equil_replaced_trj34243_frame21.pdb,1.8001952,2.539524,0.7393287828674318,86.02448,80.49575,5.5287323,7.478042824684723
166,GLN,equil_replaced_trj34591_frame5.pdb,1.8001952,2.6644058,0.8642105828674316,86.02448,84.32317,1.7013092,1.9686280610643025
29,LYS,equil_replaced_trj33637_frame0.pdb,1.6988606,1.5460662,-0.1527944452941894,86.02448,83.59959,2.4248962,-15.870316722348749
29,LYS,equil_replaced_trj15471_frame17.pdb,1.6988606,1.6108944,-0.0879662452941894,86.02448,81.62141,4.403076,-50.05415608168336
29,LYS,equil_replaced_trj23553_frame4.pdb,1.6988606,1.8245864,0.1257257547058106,86.02448,86.229485,-0.20500183,-1.6305476275276878
29,LYS,equil_replaced_trj34595_frame14.pdb,1.6988606,1.9573426,0.2584819547058106,86.02448,73.59534,12.429146,48.085158699509314
29,LYS,equil_replaced_trj18580_frame12.pdb,1.6988606,2.0943198,0.3954591547058106,86.02448,86.196434,-0.1719513,-0.43481429598773674
29,LYS,equil_replaced_trj28650_frame2.pdb,1.6988606,2.3015273,0.6026666547058106,86.02448,84.542114,1.4823685,2.4596822433487606
29,LYS,equil_replaced_trj10131_frame5.pdb,1.6988606,2.4555562,0.7566955547058107,86.02448,85.22492,0.79956055,1.0566476066928323
29,LYS,equil_replaced_trj30722_frame8.pdb,1.6988606,2.494776,0.7959153547058104,86.02448,93.433815,-7.4093323,-9.309196300314238
29,LYS,equil_replaced_trj37030_frame10.pdb,1.6988606,2.6176257,0.9187650547058106,86.02448,93.463,-7.4385147,-8.096209875825627
29,LYS,equil_replaced_trj35104_frame6.pdb,1.6988606,2.803313,1.1044523547058107,86.02448,85.37514,0.6493454,0.5879342781809567
125,MET,equil_replaced_trj17555_frame18.pdb,1.8734875,1.4885025,-0.3849849725341796,86.02448,30.824823,55.19966,-143.38134003394663
125,MET,equil_replaced_trj29490_frame24.pdb,1.8734875,1.5302819,-0.3432055725341796,86.02448,83.02874,2.9957428,-8.728712578095504
125,MET,equil_replaced_trj33382_frame14.pdb,1.8734875,1.6870048,-0.1864826725341797,86.02448,76.25172,9.772766,-52.40575963694449
125,MET,equil_replaced_trj17775_frame14.pdb,1.8734875,1.8599777,-0.0135097725341797,86.02448,36.712105,49.312378,-3650.1264403177233
125,MET,equil_replaced_trj38622_frame4.pdb,1.8734875,2.096751,0.2232635274658201,86.02448,85.18227,0.8422165,3.772297702445625
125,MET,equil_replaced_trj38308_frame4.pdb,1.8734875,2.2115364,0.3380489274658202,86.02448,91.70126,-5.6767807,-16.792778321290687
125,MET,equil_replaced_trj14189_frame8.pdb,1.8734875,2.3915257,0.5180382274658202,86.02448,85.028175,0.9963074,1.9232313760331725
125,MET,equil_replaced_trj36536_frame4.pdb,1.8734875,2.5511136,0.6776261274658202,86.02448,84.66986,1.3546219,1.9990697411167326
125,MET,equil_replaced_trj24323_frame6.pdb,1.8734875,2.6589854,0.7854979274658205,86.02448,84.83787,1.186615,1.5106532413938272
125,MET,equil_replaced_trj34888_frame8.pdb,1.8734875,2.7847452,0.9112577274658205,86.02448,84.52861,1.4958725,1.6415471194066786
184,MET,equil_replaced_trj2943_frame11.pdb,2.3844137,1.4674473,-0.9169664191772462,86.02448,94.09643,-8.071945,8.802879823747842
184,MET,equil_replaced_trj14773_frame14.pdb,2.3844137,1.5586318,-0.8257819191772462,86.02448,80.850914,5.1735687,-6.265054496156243
184,MET,equil_replaced_trj14202_frame17.pdb,2.3844137,1.6617464,-0.7226673191772461,86.02448,85.62834,0.39614105,-0.5481651677525681
184,MET,equil_replaced_trj23808_frame21.pdb,2.3844137,1.8154948,-0.5689189191772461,86.02448,92.56122,-6.5367355,11.489748915576941
184,MET,equil_replaced_trj17208_frame8.pdb,2.3844137,1.9255818,-0.4588319191772461,86.02448,82.78676,3.2377243,-7.056449581809697
184,MET,equil_replaced_trj35085_frame14.pdb,2.3844137,2.0571818,-0.3272319191772461,86.02448,69.88446,16.140022,-49.32288487752854
184,MET,equil_replaced_trj38140_frame8.pdb,2.3844137,2.3023589,-0.0820548191772458,86.02448,81.21768,4.806801,-58.58035994085897
184,MET,equil_replaced_trj10092_frame20.pdb,2.3844137,2.444723,0.0603092808227541,86.02448,85.3814,0.64308167,10.66306306866843
184,MET,equil_replaced_trj35799_frame17.pdb,2.3844137,2.5375526,0.153138880822754,86.02448,96.306114,-10.281631,-67.13926218140988
184,MET,equil_replaced_trj33941_frame27.pdb,2.3844137,2.6376286,0.2532148808227541,86.02448,91.48442,-5.459938,-21.56246912336193
208,MET,equil_replaced_trj36144_frame17.pdb,0.42846003,0.37210825,-0.056351781747818,86.02448,83.937164,2.0873184,-37.04085932457636
208,MET,equil_replaced_trj21798_frame21.pdb,0.42846003,0.46902972,0.0405696882521819,86.02448,97.483734,-11.459251,-282.45845352761114
208,MET,equil_replaced_trj30279_frame8.pdb,0.42846003,0.49143276,0.062972728252182,86.02448,82.516464,3.5080185,55.706947928380266
208,MET,equil_replaced_trj33926_frame6.pdb,0.42846003,0.57781166,0.1493516282521819,86.02448,82.69307,3.3314133,22.305838296036786
208,MET,equil_replaced_trj32432_frame0.pdb,0.42846003,0.74510396,0.316643928252182,86.02448,94.36338,-8.338898,-26.335252190393646
208,MET,equil_replaced_trj27838_frame9.pdb,0.42846003,0.7938781,0.365418068252182,86.02448,95.90748,-9.882996,-27.045722322215074
208,MET,equil_replaced_trj12368_frame10.pdb,0.42846003,0.91534275,0.486882718252182,86.02448,34.19196,51.832523,106.45792385487894
208,MET,equil_replaced_trj1885_frame9.pdb,0.42846003,1.002221,0.573760968252182,86.02448,85.69784,0.3266449,0.5693048421470334
208,MET,equil_replaced_trj24323_frame14.pdb,0.42846003,1.034104,0.6056439682521819,86.02448,65.61259,20.411896,33.70279705890489
208,MET,equil_replaced_trj13152_frame5.pdb,0.42846003,1.1282847,0.699824668252182,86.02448,77.62005,8.404434,12.009342604472213
5,MET,equil_replaced_trj12782_frame23.pdb,1.591807,1.4593921,-0.1324149077896117,86.02448,80.15453,5.8699493,-44.32997340561396
5,MET,equil_replaced_trj32192_frame6.pdb,1.591807,1.565478,-0.0263290077896118,86.02448,91.43798,-5.413498,205.609644239636
5,MET,equil_replaced_trj30908_frame16.pdb,1.591807,1.7177765,0.1259694922103882,86.02448,84.397865,1.6266174,12.912788668893947
5,MET,equil_replaced_trj12782_frame31.pdb,1.591807,1.826605,0.2347979922103882,86.02448,83.769264,2.2552185,9.604930964821074
5,MET,equil_replaced_trj33502_frame22.pdb,1.591807,2.0729456,0.4811385922103883,86.02448,82.99514,3.0293427,6.29619552538937
5,MET,equil_replaced_trj31410_frame3.pdb,1.591807,2.2566347,0.6648276922103884,86.02448,84.278496,1.7459869,2.626224748057028
5,MET,equil_replaced_trj1555_frame16.pdb,1.591807,2.4117675,0.819960492210388,86.02448,90.05831,-4.0338287,-4.919540360386717
5,MET,equil_replaced_trj1610_frame9.pdb,1.591807,2.5299995,0.9381924922103884,86.02448,80.833,5.1914825,5.533494018603945
5,MET,equil_replaced_trj36214_frame3.pdb,1.591807,2.636629,1.0448219922103883,86.02448,85.67252,0.35195923,0.3368604711038218
5,MET,equil_replaced_trj31887_frame16.pdb,1.591807,2.8255193,1.233712292210388,86.02448,38.150883,47.8736,38.80450921043389
106,SER,equil_replaced_trj30893_frame7.pdb,1.7055776,1.4200205,-0.2855571119232178,86.02448,88.404755,-2.380272,8.33553713857813
106,SER,equil_replaced_trj15600_frame19.pdb,1.7055776,1.5967113,-0.1088663119232178,86.02448,85.07497,0.9495163,-8.721856004972429
106,SER,equil_replaced_trj18336_frame19.pdb,1.7055776,1.6609867,-0.0445909119232177,86.02448,78.96516,7.059326,-158.31311510360328
106,SER,equil_replaced_trj33867_frame7.pdb,1.7055776,1.7715218,0.0659441880767821,86.02448,90.9502,-4.92572,-74.69528943336886
106,SER,equil_replaced_trj35979_frame14.pdb,1.7055776,1.9160681,0.2104904880767821,86.02448,89.378174,-3.353691,-15.932744190563467
106,SER,equil_replaced_trj30884_frame9.pdb,1.7055776,2.1488495,0.4432718880767821,86.02448,94.7925,-8.768021,-19.780231649528936
106,SER,equil_replaced_trj16741_frame11.pdb,1.7055776,2.2899823,0.5844046880767824,86.02448,80.80314,5.221344,8.934466305059168
106,SER,equil_replaced_trj33536_frame4.pdb,1.7055776,2.443414,0.7378363880767824,86.02448,83.26288,2.7616043,3.7428410332002313
106,SER,equil_replaced_trj36045_frame23.pdb,1.7055776,2.5341365,0.828558888076782,86.02448,82.9194,3.1050797,3.74756664319454
106,SER,equil_replaced_trj30730_frame24.pdb,1.7055776,2.6799877,0.974410088076782,86.02448,83.45311,2.571373,2.638902262306241
112,SER,equil_replaced_trj23387_frame17.pdb,0.42464533,0.3260731,-0.0985722344821929,86.02448,85.84761,0.17687225,-1.7943415237271583
112,SER,equil_replaced_trj1796_frame7.pdb,0.42464533,0.38742962,-0.037215714482193,86.02448,38.947514,47.07697,-1264.9755567437496
112,SER,equil_replaced_trj23721_frame13.pdb,0.42464533,0.48145118,0.0568058455178069,86.02448,83.60461,2.419876,42.59906839823826
112,SER,equil_replaced_trj27569_frame17.pdb,0.42464533,0.5899397,0.1652943655178069,86.02448,84.53459,1.489891,9.013562244416553
112,SER,equil_replaced_trj24241_frame14.pdb,0.42464533,0.7339515,0.309306165517807,86.02448,80.613686,5.410797,17.493337418872503
112,SER,equil_replaced_trj29447_frame8.pdb,0.42464533,0.8240617,0.399416365517807,86.02448,81.29095,4.733536,11.85113123861353
112,SER,equil_replaced_trj23113_frame14.pdb,0.42464533,0.87646276,0.451817425517807,86.02448,84.23978,1.7847061,3.9500603892762376
112,SER,equil_replaced_trj17880_frame2.pdb,0.42464533,0.9735141,0.5488687655178071,86.02448,81.056435,4.968048,9.051431613194877
112,SER,equil_replaced_trj30221_frame19.pdb,0.42464533,1.0842779,0.659632565517807,86.02448,94.9563,-8.931816,-13.54059300280726
112,SER,equil_replaced_trj32859_frame7.pdb,0.42464533,1.1812274,0.756582065517807,86.02448,94.29114,-8.266655,-10.92631631785244
189,SER,equil_replaced_trj12097_frame19.pdb,2.562962,1.370554,-1.1924080552062988,86.02448,81.37945,4.645035,-3.89550772469029
189,SER,equil_replaced_trj17744_frame18.pdb,2.562962,1.4466622,-1.1162998552062988,86.02448,94.72782,-8.703339,7.796595674948329
189,SER,equil_replaced_trj10450_frame17.pdb,2.562962,1.5974109,-0.9655511552062988,86.02448,94.25527,-8.230789,8.52444651967894
189,SER,equil_replaced_trj27802_frame18.pdb,2.562962,1.7867395,-0.7762225552062989,86.02448,77.81377,8.210716,-10.577786219283988
189,SER,equil_replaced_trj23087_frame18.pdb,2.562962,1.8980558,-0.6649062552062988,86.02448,91.90577,-5.8812866,8.845286948411966
189,SER,equil_replaced_trj16214_frame15.pdb,2.562962,2.087541,-0.4754210552062989,86.02448,77.14879,8.875694,-18.669123249181556
189,SER,equil_replaced_trj36290_frame0.pdb,2.562962,2.357794,-0.2051680552062986,86.02448,75.37126,10.653221,-51.92436570917032
189,SER,equil_replaced_trj30471_frame14.pdb,2.562962,2.498234,-0.0647280552062987,86.02448,80.059845,5.9646378,-92.14918843672034
189,SER,equil_replaced_trj11188_frame14.pdb,2.562962,2.5822082,0.0192461447937013,86.02448,93.172646,-7.148163,-371.4075165919078
189,SER,equil_replaced_trj18443_frame21.pdb,2.562962,2.7243083,0.1613462447937013,86.02448,90.8087,-4.784218,-29.651869745030623
258,SER,equil_replaced_trj34935_frame21.pdb,1.4463083,1.3564341,-0.0898741551956177,86.02448,85.445244,0.5792389,-6.444999570130106
258,SER,equil_replaced_trj13444_frame13.pdb,1.4463083,1.5322787,0.0859704448043823,86.02448,91.97102,-5.946541,-69.16959480726578
258,SER,equil_replaced_trj20027_frame11.pdb,1.4463083,1.6805546,0.2342463448043823,86.02448,84.80137,1.223114,5.221486015900441
258,SER,equil_replaced_trj12729_frame13.pdb,1.4463083,1.7517536,0.3054453448043823,86.02448,79.830215,6.1942673,20.27946203245049
258,SER,equil_replaced_trj11103_frame2.pdb,1.4463083,1.844671,0.3983627448043823,86.02448,82.181404,3.8430786,9.647183787651654
258,SER,equil_replaced_trj36901_frame22.pdb,1.4463083,2.1072297,0.6609214448043823,86.02448,93.118774,-7.0942917,-10.733940837872899
258,SER,equil_replaced_trj18100_frame18.pdb,1.4463083,2.2243676,0.7780593448043822,86.02448,93.33137,-7.306885,-9.391166386494694
258,SER,equil_replaced_trj11847_frame3.pdb,1.4463083,2.362103,0.9157947448043822,86.02448,82.13383,3.8906555,4.248392491495664
258,SER,equil_replaced_trj3006_frame6.pdb,1.4463083,2.4559727,1.009664444804382,86.02448,92.34086,-6.3163757,-6.255915779668406
258,SER,equil_replaced_trj19739_frame15.pdb,1.4463083,2.638403,1.1920947448043822,86.02448,85.801125,0.22335815,0.18736610933850492
43,SER,equil_replaced_trj16416_frame17.pdb,0.42079002,0.33991468,-0.0808753366511535,86.02448,83.72233,2.3021545,-28.465470888185664
43,SER,equil_replaced_trj32653_frame3.pdb,0.42079002,0.44987056,0.0290805433488464,86.02448,90.85576,-4.831276,-166.13430780800934
43,SER,equil_replaced_trj24455_frame26.pdb,0.42079002,0.48279506,0.0620050433488464,86.02448,85.20579,0.81869507,13.203685122084618
43,SER,equil_replaced_trj17961_frame12.pdb,0.42079002,0.60353804,0.1827480233488464,86.02448,83.09766,2.9268265,16.015639586228428
43,SER,equil_replaced_trj23333_frame16.pdb,0.42079002,0.7398319,0.3190418833488464,86.02448,91.70304,-5.6785583,-17.79878644773524
43,SER,equil_replaced_trj14876_frame23.pdb,0.42079002,0.7869218,0.3661317833488464,86.02448,30.49229,55.532192,151.67268933140977
43,SER,equil_replaced_trj3400_frame8.pdb,0.42079002,0.8902819,0.4694918833488464,86.02448,82.342094,3.6823883,7.843348173344115
43,SER,equil_replaced_trj33555_frame4.pdb,0.42079002,0.98605186,0.5652618433488464,86.02448,93.17092,-7.1464386,-12.64270476191058
43,SER,equil_replaced_trj3406_frame2.pdb,0.42079002,1.07773,0.6569399833488465,86.02448,91.78682,-5.7623367,-8.771481226614776
43,SER,equil_replaced_trj21112_frame3.pdb,0.42079002,1.1614004,0.7406103833488464,86.02448,84.51747,1.5070114,2.0348235016094525
193,GLN,equil_replaced_trj34123_frame16.pdb,0.9282503,0.34972316,-0.5785271528051759,86.02448,31.614876,54.409607,-94.0484930910696
193,GLN,equil_replaced_trj32193_frame8.pdb,0.9282503,0.43797174,-0.4902785728051758,86.02448,80.35555,5.66893,-11.562671444676058
193,GLN,equil_replaced_trj20004_frame10.pdb,0.9282503,0.47113213,-0.4571181828051758,86.02448,80.325455,5.699028,-12.467296706868582
193,GLN,equil_replaced_trj14572_frame7.pdb,0.9282503,0.57611495,-0.3521353628051757,86.02448,83.83668,2.1878052,-6.212966395515598
193,GLN,equil_replaced_trj12080_frame5.pdb,0.9282503,0.71342254,-0.2148277728051757,86.02448,77.40064,8.62384,-40.14304211891677
193,GLN,equil_replaced_trj29213_frame8.pdb,0.9282503,0.8148953,-0.1133550128051757,86.02448,69.9679,16.05658,-141.64860637826703
193,GLN,equil_replaced_trj19561_frame9.pdb,0.9282503,0.86683446,-0.0614158528051758,86.02448,77.6087,8.415779,-137.02942692119214
193,GLN,equil_replaced_trj19921_frame8.pdb,0.9282503,0.9240903,-0.0041600128051757,86.02448,95.51769,-9.49321,2282.014571459051
193,GLN,equil_replaced_trj27007_frame5.pdb,0.9282503,1.0493393,0.1210889871948242,86.02448,81.303856,4.720627,38.98477425911169
193,GLN,equil_replaced_trj23335_frame8.pdb,0.9282503,1.12013,0.1918796871948243,86.02448,85.248886,0.7755966,4.042098619145886
178,TYR,equil_replaced_trj2077_frame3.pdb,1.5226552,0.15661894,-1.3660363086419678,86.02448,82.96648,3.0580063,-2.2385981011450435
178,TYR,equil_replaced_trj33231_frame4.pdb,1.5226552,0.35320553,-1.169449718641968,86.02448,77.195625,8.828857,-7.549582749164775
178,TYR,equil_replaced_trj11654_frame10.pdb,1.5226552,0.4974374,-1.025217848641968,86.02448,95.69329,-9.668808,9.430978982863016
178,TYR,equil_replaced_trj14149_frame12.pdb,1.5226552,0.5267974,-0.9958578486419678,86.02448,33.214077,52.810406,-53.03006428399164
178,TYR,equil_replaced_trj1416_frame17.pdb,1.5226552,0.78570867,-0.7369465786419678,86.02448,80.265594,5.7588882,-7.814526061361577
178,TYR,equil_replaced_trj28145_frame3.pdb,1.5226552,0.8973688,-0.6252864486419678,86.02448,85.397865,0.62661743,-1.002128597223797
178,TYR,equil_replaced_trj25038_frame13.pdb,1.5226552,1.1993127,-0.3233425486419679,86.02448,93.65038,-7.6259003,23.584586379316033
178,TYR,equil_replaced_trj37796_frame8.pdb,1.5226552,1.3648584,-0.1577968486419678,86.02448,80.287704,5.7367783,-36.35546786041191
178,TYR,equil_replaced_trj18027_frame1.pdb,1.5226552,1.4292057,-0.0934495486419677,86.02448,80.92476,5.099724,-54.571947002724315
178,TYR,equil_replaced_trj31155_frame15.pdb,1.5226552,1.5645206,0.0418653513580322,86.02448,85.2402,0.7842865,18.733546323694377
188,TYR,equil_replaced_trj16956_frame11.pdb,1.4323825,0.15212217,-1.2802602944088746,86.02448,83.264786,2.759697,-2.1555749034015257
188,TYR,equil_replaced_trj14170_frame24.pdb,1.4323825,0.330508,-1.1018744644088745,86.02448,80.096146,5.928337,-5.380229135583389
188,TYR,equil_replaced_trj22940_frame3.pdb,1.4323825,0.48980454,-0.9425779244088746,86.02448,81.08093,4.94355,-5.244712380637988
188,TYR,equil_replaced_trj28107_frame22.pdb,1.4323825,0.56986946,-0.8625130044088745,86.02448,86.49189,-0.46740723,0.5419132513634838
188,TYR,equil_replaced_trj15042_frame26.pdb,1.4323825,0.7790498,-0.6533326644088745,86.02448,95.61039,-9.585907,14.672321628209204
188,TYR,equil_replaced_trj35172_frame12.pdb,1.4323825,0.9851216,-0.4472608644088744,86.02448,89.15128,-3.1268005,6.9909996289121645
188,TYR,equil_replaced_trj32892_frame0.pdb,1.4323825,1.1897172,-0.2426652644088744,86.02448,84.35955,1.6649323,-6.86102419739508
188,TYR,equil_replaced_trj33081_frame1.pdb,1.4323825,1.3340698,-0.0983126644088745,86.02448,90.18606,-4.1615753,42.33000236953353
188,TYR,equil_replaced_trj34559_frame12.pdb,1.4323825,1.4523726,0.0199901355911253,86.02448,85.57903,0.44544983,22.283482124019294
188,TYR,equil_replaced_trj33436_frame15.pdb,1.4323825,1.6501477,0.2177652355911254,86.02448,89.843506,-3.8190231,-17.53734071445082
121,VAL,equil_replaced_trj12722_frame14.pdb,0.7072904,0.32509947,-0.3821909409954834,86.02448,37.416874,48.60761,-127.18147810766777
121,VAL,equil_replaced_trj19338_frame22.pdb,0.7072904,0.41953877,-0.2877516409954834,86.02448,84.937065,1.0874176,-3.779014426389078
121,VAL,equil_replaced_trj28241_frame12.pdb,0.7072904,0.4645393,-0.2427511109954834,86.02448,93.9113,-7.886818,32.48931755569039
121,VAL,equil_replaced_trj30755_frame16.pdb,0.7072904,0.55725324,-0.1500371709954834,86.02448,85.62345,0.4010315,-2.672880936636011
121,VAL,equil_replaced_trj13367_frame14.pdb,0.7072904,0.7264231,0.0191326890045165,86.02448,85.229675,0.79480743,41.54185717932317
121,VAL,equil_replaced_trj1278_frame5.pdb,0.7072904,0.8210852,0.1137947890045165,86.02448,92.66507,-6.640587,-58.35580795148519
121,VAL,equil_replaced_trj37834_frame19.pdb,0.7072904,0.8894812,0.1821907890045165,86.02448,85.97922,0.045265198,0.24844943040882342
121,VAL,equil_replaced_trj38533_frame10.pdb,0.7072904,0.92495584,0.2176654290045165,86.02448,79.929016,6.0954666,28.003834332566665
121,VAL,equil_replaced_trj11611_frame19.pdb,0.7072904,1.0227367,0.3154462890045166,86.02448,94.80367,-8.77919,-27.83101393007943
121,VAL,equil_replaced_trj15420_frame3.pdb,0.7072904,1.1214284,0.4141379890045167,86.02448,92.08668,-6.062195,-14.638103688074445
175,VAL,equil_replaced_trj35496_frame22.pdb,1.7982229,0.8513897,-0.9468331994369508,86.02448,84.7021,1.3223801,-1.3966346624773431
175,VAL,equil_replaced_trj23341_frame12.pdb,1.7982229,0.9917615,-0.8064613994369507,86.02448,85.595024,0.42945862,-0.5325222242055215
175,VAL,equil_replaced_trj15553_frame22.pdb,1.7982229,1.0522755,-0.7459473994369508,86.02448,83.45354,2.5709457,-3.4465509789117457
175,VAL,equil_replaced_trj25752_frame2.pdb,1.7982229,1.167361,-0.6308618994369506,86.02448,81.920456,4.104027,-6.505428205596933
175,VAL,equil_replaced_trj29094_frame9.pdb,1.7982229,1.2776475,-0.5205753994369506,86.02448,84.5095,1.5149841,-2.9102107638931214
175,VAL,equil_replaced_trj35820_frame2.pdb,1.7982229,1.5141569,-0.2840659994369507,86.02448,83.50273,2.5217514,-8.877343324463244
175,VAL,equil_replaced_trj18107_frame14.pdb,1.7982229,1.6747677,-0.1234551994369506,86.02448,79.233185,6.791298,-55.010221874583884
175,VAL,equil_replaced_trj36648_frame12.pdb,1.7982229,1.7546382,-0.0435846994369506,86.02448,82.638695,3.385788,-77.68294854860824
175,VAL,equil_replaced_trj19746_frame8.pdb,1.7982229,1.8260357,0.0278128005630493,86.02448,91.5061,-5.481621,-197.08985350640404
175,VAL,equil_replaced_trj12826_frame18.pdb,1.7982229,1.9549643,0.1567414005630494,86.02448,91.9487,-5.924217,-37.796122803803016
182,VAL,equil_replaced_trj16025_frame27.pdb,1.0059109,0.31792125,-0.687989623413086,86.02448,85.336845,0.6876373,-0.9994879365915785
182,VAL,equil_replaced_trj22620_frame23.pdb,1.0059109,0.36399412,-0.641916753413086,86.02448,79.266975,6.7575073,-10.527077363675165
182,VAL,equil_replaced_trj10018_frame17.pdb,1.0059109,0.5040685,-0.5018423734130859,86.02448,93.92018,-7.8956985,15.733423412741645
182,VAL,equil_replaced_trj20448_frame4.pdb,1.0059109,0.5326168,-0.4732940734130859,86.02448,83.40214,2.622345,-5.540624989855664
182,VAL,equil_replaced_trj16352_frame21.pdb,1.0059109,0.6530496,-0.3528612734130859,86.02448,77.711205,8.313278,-23.559621938194507
182,VAL,equil_replaced_trj39014_frame22.pdb,1.0059109,0.7844623,-0.221448573413086,86.02448,93.56695,-7.542465,34.05966944700685
182,VAL,equil_replaced_trj38461_frame26.pdb,1.0059109,0.8498753,-0.1560355734130859,86.02448,82.98987,3.0346146,-19.4482225854645
182,VAL,equil_replaced_trj25642_frame24.pdb,1.0059109,0.9777228,-0.0281880734130859,86.02448,92.90518,-6.880699,244.09966076363983
182,VAL,equil_replaced_trj21079_frame10.pdb,1.0059109,1.0157695,0.009858626586914,86.02448,89.8863,-3.8618164,-391.71951307863117
182,VAL,equil_replaced_trj32430_frame10.pdb,1.0059109,1.1285017,0.122590826586914,86.02448,81.60636,4.4181213,36.03957539806848
236,VAL,equil_replaced_trj38689_frame13.pdb,0.8457095,0.34577113,-0.499938372696991,86.02448,80.57763,5.4468536,-10.895050140503239
236,VAL,equil_replaced_trj32192_frame8.pdb,0.8457095,0.40495712,-0.4407523826969909,86.02448,93.509834,-7.4853516,16.983122170994683
236,VAL,equil_replaced_trj15692_frame14.pdb,0.8457095,0.5223181,-0.3233914026969909,86.02448,76.10858,9.915901,-30.662228808144803
236,VAL,equil_replaced_trj19825_frame2.pdb,0.8457095,0.5624655,-0.283244002696991,86.02448,81.4858,4.538681,-16.0239263216769
236,VAL,equil_replaced_trj27007_frame8.pdb,0.8457095,0.6745369,-0.1711726026969909,86.02448,92.75099,-6.726509,39.29664553938882
236,VAL,equil_replaced_trj18363_frame2.pdb,0.8457095,0.7923889,-0.053320602696991,86.02448,81.996544,4.027939,-75.5418851070253
236,VAL,equil_replaced_trj12824_frame26.pdb,0.8457095,0.867145,0.021435497303009,86.02448,83.06721,2.9572754,137.96159467734267
236,VAL,equil_replaced_trj30279_frame15.pdb,0.8457095,0.9819841,0.136274597303009,86.02448,34.535774,51.48871,377.83056794956207
236,VAL,equil_replaced_trj38442_frame14.pdb,0.8457095,1.0626578,0.216948297303009,86.02448,91.12038,-5.095894,-23.488978356653842
236,VAL,equil_replaced_trj33346_frame27.pdb,0.8457095,1.1514163,0.305706797303009,86.02448,78.82352,7.200966,23.555138272605166
0,VAL,equil_replaced_trj12430_frame5.pdb,0.42522004,0.33264858,-0.0925714624671172,86.02448,81.55421,4.470276,-48.289999528679374
0,VAL,equil_replaced_trj36961_frame17.pdb,0.42522004,0.3573994,-0.0678206424671173,86.02448,78.925095,7.099388,-104.67886862028352
0,VAL,equil_replaced_trj23060_frame25.pdb,0.42522004,0.4626776,0.0374575575328827,86.02448,82.97891,3.0455704,81.30723341642218
0,VAL,equil_replaced_trj1271_frame16.pdb,0.42522004,0.5603602,0.1351401575328826,86.02448,85.784874,0.23960876,1.773038962087456
0,VAL,equil_replaced_trj13367_frame7.pdb,0.42522004,0.6630294,0.2378093575328826,86.02448,88.517525,-2.493042,-10.483363724839043
0,VAL,equil_replaced_trj36752_frame15.pdb,0.42522004,0.72862214,0.3034020975328827,86.02448,92.068405,-6.0439224,-19.920503099558715
0,VAL,equil_replaced_trj30685_frame14.pdb,0.42522004,0.87830067,0.4530806275328827,86.02448,83.03436,2.99012,6.599531633837116
0,VAL,equil_replaced_trj25257_frame14.pdb,0.42522004,0.9806625,0.5554424575328827,86.02448,68.01659,18.007896,32.420813675868054
0,VAL,equil_replaced_trj38651_frame15.pdb,0.42522004,1.004498,0.5792779575328826,86.02448,83.59342,2.4310608,4.196708608367213
0,VAL,equil_replaced_trj26899_frame26.pdb,0.42522004,1.0893469,0.6641268575328827,86.02448,84.5507,1.4737854,2.2191323595396892
36,VAL,equil_replaced_trj1496_frame4.pdb,0.3727376,0.29238185,-0.0803557364982605,86.02448,83.5032,2.521286,-31.3765528214251
36,VAL,equil_replaced_trj12502_frame3.pdb,0.3727376,0.38123003,0.0084924435017395,86.02448,37.01307,49.011414,5771.179232947477
36,VAL,equil_replaced_trj3310_frame11.pdb,0.3727376,0.4793787,0.1066411135017394,86.02448,72.77437,13.250114,124.24958822942007
36,VAL,equil_replaced_trj13902_frame27.pdb,0.3727376,0.57265484,0.1999172535017395,86.02448,85.08419,0.94029236,4.703407744595971
36,VAL,equil_replaced_trj18414_frame27.pdb,0.3727376,0.63905597,0.2663183835017395,86.02448,37.302677,48.721806,182.9457093118453
36,VAL,equil_replaced_trj12391_frame6.pdb,0.3727376,0.71741027,0.3446726835017395,86.02448,91.21675,-5.1922684,-15.064345450386776
36,VAL,equil_replaced_trj13959_frame2.pdb,0.3727376,0.8566969,0.4839593135017395,86.02448,76.45702,9.567459,19.769139346072166
36,VAL,equil_replaced_trj35817_frame18.pdb,0.3727376,0.915761,0.5430234135017395,86.02448,78.6538,7.370682,13.573414293805033
36,VAL,equil_replaced_trj37902_frame29.pdb,0.3727376,1.0531715,0.6804339135017394,86.02448,82.38533,3.6391525,5.3482821103480545
36,VAL,equil_replaced_trj25475_frame15.pdb,0.3727376,1.0823696,0.7096320135017395,86.02448,91.62032,-5.5958405,-7.885552437929642
228,GLN,equil_replaced_trj22969_frame30.pdb,1.9728432,1.5132177,-0.4596254701660156,86.02448,71.19707,14.827415,-32.25977764233337
228,GLN,equil_replaced_trj14808_frame10.pdb,1.9728432,1.5670986,-0.4057445701660156,86.02448,92.515594,-6.4911118,15.998024946372473
228,GLN,equil_replaced_trj2552_frame16.pdb,1.9728432,1.7393757,-0.2334674701660155,86.02448,94.072174,-8.047691,34.47028975596575
228,GLN,equil_replaced_trj18027_frame13.pdb,1.9728432,1.7874403,-0.1854028701660155,86.02448,85.03697,0.9875107,-5.326296622420656
228,GLN,equil_replaced_trj37610_frame25.pdb,1.9728432,1.973276,0.0004328298339844,86.02448,78.776855,7.2476273,16744.74975900575
228,GLN,equil_replaced_trj12864_frame26.pdb,1.9728432,2.1079679,0.1351247298339841,86.02448,92.33589,-6.311409,-46.70802305644796
228,GLN,equil_replaced_trj16437_frame21.pdb,1.9728432,2.2568266,0.2839834298339845,86.02448,77.93534,8.089142,28.484555772961833
228,GLN,equil_replaced_trj35874_frame20.pdb,1.9728432,2.412529,0.4396858298339845,86.02448,84.29862,1.7258606,3.9252131376505153
228,GLN,equil_replaced_trj34359_frame0.pdb,1.9728432,2.4346082,0.4617650298339844,86.02448,92.1478,-6.123314,-13.260670488646731
228,GLN,equil_replaced_trj36729_frame3.pdb,1.9728432,2.5692778,0.5964346298339844,86.02448,89.41214,-3.3876572,-5.679846534850411
149,GLU,equil_replaced_trj37422_frame13.pdb,2.444377,1.5317459,-0.9126310454956056,86.02448,91.70355,-5.6790695,6.222744171450953
149,GLU,equil_replaced_trj32877_frame17.pdb,2.444377,1.6801543,-0.7642226454956054,86.02448,85.40286,0.6216202,-0.8134019344840663
149,GLU,equil_replaced_trj19010_frame1.pdb,2.444377,1.839737,-0.6046399454956055,86.02448,41.766,44.258484,-73.19808129851788
149,GLU,equil_replaced_trj20292_frame5.pdb,2.444377,1.9779117,-0.4664652454956055,86.02448,85.125305,0.89917755,-1.9276410406828526
149,GLU,equil_replaced_trj2012_frame5.pdb,2.444377,2.0348833,-0.4094936454956053,86.02448,78.57317,7.451309,-18.19639763904842
149,GLU,equil_replaced_trj30221_frame26.pdb,2.444377,2.1513035,-0.2930734454956054,86.02448,84.42328,1.6012039,-5.463490272035039
149,GLU,equil_replaced_trj23341_frame17.pdb,2.444377,2.3776593,-0.0667176454956055,86.02448,86.440315,-0.41583252,6.232721740137543
149,GLU,equil_replaced_trj18568_frame21.pdb,2.444377,2.5054739,0.0610969545043946,86.02448,93.688385,-7.6639023,-125.4383683259301
149,GLU,equil_replaced_trj24061_frame17.pdb,2.444377,2.563072,0.1186950545043945,86.02448,88.10046,-2.0759735,-17.489974788000353
149,GLU,equil_replaced_trj25490_frame11.pdb,2.444377,2.7718506,0.3274736545043946,86.02448,84.77002,1.2544632,3.830730132166851
157,GLU,equil_replaced_trj16566_frame16.pdb,2.5355093,1.4509159,-1.0845934479156494,86.02448,32.538033,53.48645,-49.314745813836254
157,GLU,equil_replaced_trj25581_frame9.pdb,2.5355093,1.6324055,-0.9031038479156496,86.02448,87.80525,-1.7807693,1.971832311704264
157,GLU,equil_replaced_trj29611_frame8.pdb,2.5355093,1.7062095,-0.8292998479156495,86.02448,78.37198,7.652504,-9.2276683596637
157,GLU,equil_replaced_trj24621_frame18.pdb,2.5355093,1.8121175,-0.7233918479156494,86.02448,95.624435,-9.599953,13.27075045898679
157,GLU,equil_replaced_trj38628_frame20.pdb,2.5355093,1.977336,-0.5581733479156494,86.02448,93.772964,-7.7484818,13.881855483467518
157,GLU,equil_replaced_trj34073_frame16.pdb,2.5355093,2.1224966,-0.4130127479156495,86.02448,85.11441,0.9100723,-2.2034969410823666
157,GLU,equil_replaced_trj13887_frame12.pdb,2.5355093,2.304381,-0.2311283479156496,86.02448,92.18672,-6.162239,26.66154597771773
157,GLU,equil_replaced_trj10239_frame6.pdb,2.5355093,2.4169805,-0.1185288479156492,86.02448,84.77034,1.2541428,-10.580907376430224
157,GLU,equil_replaced_trj34909_frame12.pdb,2.5355093,2.4752204,-0.0602889479156494,86.02448,85.77771,0.24677277,-4.093167564618019
157,GLU,equil_replaced_trj34000_frame4.pdb,2.5355093,2.6036057,0.0680963520843507,86.02448,76.84968,9.174805,134.73268988234793
251,ASN,equil_replaced_trj14066_frame20.pdb,2.720375,1.2241529,-1.4962221610351565,86.02448,67.53022,18.494263,-12.360639467147916
251,ASN,equil_replaced_trj11767_frame15.pdb,2.720375,1.3118901,-1.4084849610351562,86.02448,41.28835,44.736134,-31.761882315421346
251,ASN,equil_replaced_trj29677_frame27.pdb,2.720375,1.4871298,-1.2332452610351563,86.02448,45.371216,40.653267,-32.964462294073535
251,ASN,equil_replaced_trj21167_frame17.pdb,2.720375,1.7231315,-0.9972435610351562,86.02448,84.1252,1.8992844,-1.9045340947816984
251,ASN,equil_replaced_trj34133_frame19.pdb,2.720375,1.8557659,-0.8646091610351563,86.02448,93.8103,-7.78582,9.00501678469682
251,ASN,equil_replaced_trj24879_frame23.pdb,2.720375,2.1667612,-0.5536138610351564,86.02448,53.36158,32.662903,-58.99943106727424
251,ASN,equil_replaced_trj30781_frame4.pdb,2.720375,2.435415,-0.2849600610351563,86.02448,49.64245,36.382034,-127.67415254472893
251,ASN,equil_replaced_trj34807_frame20.pdb,2.720375,2.5828848,-0.1374902610351562,86.02448,91.01675,-4.992264,36.30994483797505
251,ASN,equil_replaced_trj18525_frame19.pdb,2.720375,2.7468607,0.0264856389648437,86.02448,49.72229,36.302193,1370.6368472429456
251,ASN,equil_replaced_trj23666_frame19.pdb,2.720375,2.8501687,0.1297936389648439,86.02448,94.5774,-8.5529175,-65.89627618642703
197,GLU,equil_replaced_trj33196_frame4.pdb,2.400391,1.5165248,-0.8838663018371582,86.02448,82.76714,3.2573395,-3.685330542377877
197,GLU,equil_replaced_trj23130_frame13.pdb,2.400391,1.6649896,-0.7354015018371582,86.02448,81.846825,4.177658,-5.680785354147613
197,GLU,equil_replaced_trj16617_frame17.pdb,2.400391,1.7825214,-0.6178697018371582,86.02448,78.34482,7.6796646,-12.42926233311309
197,GLU,equil_replaced_trj1976_frame2.pdb,2.400391,1.8302155,-0.5701756018371582,86.02448,91.77568,-5.751198,10.086713279927304
197,GLU,equil_replaced_trj3060_frame2.pdb,2.400391,1.9956079,-0.4047832018371582,86.02448,88.46994,-2.4454575,6.041400550707354
197,GLU,equil_replaced_trj21079_frame8.pdb,2.400391,2.0840108,-0.316380301837158,86.02448,83.68579,2.3386917,-7.392026930391873
197,GLU,equil_replaced_trj35719_frame3.pdb,2.400391,2.2203388,-0.1800523018371582,86.02448,92.61458,-6.5900955,36.6010067784621
197,GLU,equil_replaced_trj35953_frame8.pdb,2.400391,2.4368906,0.0364994981628417,86.02448,94.460625,-8.436142,-231.1303550020271
197,GLU,equil_replaced_trj28865_frame9.pdb,2.400391,2.5539026,0.1535114981628416,86.02448,79.7339,6.2905807,40.977912565473176
197,GLU,equil_replaced_trj10296_frame20.pdb,2.400391,2.6309874,0.2305962981628417,86.02448,83.59807,2.4264145,10.52234796949176
267,GLU,equil_replaced_trj37949_frame5.pdb,2.4530132,1.5527012,-0.9003119816864014,86.02448,83.04529,2.9791946,-3.309069191251751
267,GLU,equil_replaced_trj38901_frame15.pdb,2.4530132,1.6262851,-0.8267280816864013,86.02448,87.471954,-1.4474716,1.7508436579288786
267,GLU,equil_replaced_trj2696_frame10.pdb,2.4530132,1.828109,-0.6249041816864014,86.02448,82.188545,3.8359375,-6.138441080115874
267,GLU,equil_replaced_trj14733_frame21.pdb,2.4530132,2.004326,-0.4486871816864015,86.02448,86.48597,-0.46148682,1.0285268562202754
267,GLU,equil_replaced_trj14918_frame24.pdb,2.4530132,2.0449371,-0.4080760816864015,86.02448,83.349434,2.6750488,-6.5552698336795014
267,GLU,equil_replaced_trj15069_frame7.pdb,2.4530132,2.286744,-0.1662691816864012,86.02448,81.32193,4.702553,-28.282768626837886
267,GLU,equil_replaced_trj12894_frame23.pdb,2.4530132,2.4457934,-0.0072197816864014,86.02448,84.27612,1.7483597,-242.16240270378964
267,GLU,equil_replaced_trj13704_frame22.pdb,2.4530132,2.4855506,0.0325374183135984,86.02448,82.90706,3.117424,95.81042912453813
267,GLU,equil_replaced_trj1735_frame24.pdb,2.4530132,2.6285772,0.1755640183135987,86.02448,74.231186,11.793297,67.17376901740332
267,GLU,equil_replaced_trj21837_frame4.pdb,2.4530132,2.843338,0.3903248183135988,86.02448,87.22285,-1.1983643,-3.0701718199474004
198,HIS,equil_replaced_trj27995_frame26.pdb,0.43052968,0.34308267,-0.0874470138283539,86.02448,93.41663,-7.392151,84.53291376439674
198,HIS,equil_replaced_trj36965_frame0.pdb,0.43052968,0.41330007,-0.0172296138283538,86.02448,82.776115,3.2483673,-188.533959143336
198,HIS,equil_replaced_trj24644_frame24.pdb,0.43052968,0.48380053,0.0532708461716461,86.02448,82.45202,3.572464,67.06227225576322
198,HIS,equil_replaced_trj38199_frame13.pdb,0.43052968,0.57950044,0.1489707561716461,86.02448,79.67108,6.353401,42.648646938205495
198,HIS,equil_replaced_trj23414_frame16.pdb,0.43052968,0.7613142,0.3307845161716461,86.02448,85.044136,0.9803467,2.963701841409022
198,HIS,equil_replaced_trj18225_frame22.pdb,0.43052968,0.8203427,0.3898130161716461,86.02448,80.298325,5.726158,14.689499592205635
198,HIS,equil_replaced_trj36220_frame7.pdb,0.43052968,0.9331473,0.5026176161716461,86.02448,39.695335,46.329147,92.17573329750857
198,HIS,equil_replaced_trj36232_frame11.pdb,0.43052968,0.9749819,0.5444522161716461,86.02448,91.72311,-5.6986237,-10.466710370465261
198,HIS,equil_replaced_trj31105_frame20.pdb,0.43052968,1.0914944,0.6609647161716461,86.02448,83.14052,2.8839645,4.363265493623235
198,HIS,equil_replaced_trj15122_frame20.pdb,0.43052968,1.1654878,0.7349581161716461,86.02448,83.95379,2.070694,2.8174312578690697
260,ASP,equil_replaced_trj31484_frame27.pdb,2.5202236,1.5027366,-1.017487017553711,86.02448,82.65504,3.3694458,-3.31153689693479
260,ASP,equil_replaced_trj36524_frame10.pdb,2.5202236,1.5909073,-0.9293163175537108,86.02448,89.601326,-3.5768433,3.848897511166345
260,ASP,equil_replaced_trj17760_frame15.pdb,2.5202236,1.703232,-0.8169916175537109,86.02448,83.086655,2.937828,-3.595909677459701
260,ASP,equil_replaced_trj11920_frame6.pdb,2.5202236,1.8175602,-0.702663417553711,86.02448,84.31961,1.7048721,-2.426299831124106
260,ASP,equil_replaced_trj14690_frame8.pdb,2.5202236,1.9253255,-0.5948981175537109,86.02448,68.8841,17.14038,-28.812296347243805
260,ASP,equil_replaced_trj34215_frame16.pdb,2.5202236,2.1301699,-0.3900537175537111,86.02448,84.10584,1.9186401,-4.918912576328797
260,ASP,equil_replaced_trj30525_frame2.pdb,2.5202236,2.275721,-0.244502617553711,86.02448,91.16476,-5.140274,21.023390666655644
260,ASP,equil_replaced_trj21907_frame15.pdb,2.5202236,2.4365165,-0.0837071175537107,86.02448,90.19155,-4.1670685,49.781531167543925
260,ASP,equil_replaced_trj11460_frame1.pdb,2.5202236,2.4944506,-0.0257730175537109,86.02448,90.576935,-4.552452,176.63636312337294
260,ASP,equil_replaced_trj10194_frame8.pdb,2.5202236,2.7015028,0.1812791824462891,86.02448,86.23264,-0.2081604,-1.1482862928968718
81,ILE,equil_replaced_trj21837_frame7.pdb,0.3833415,0.32178175,-0.0615597412223816,86.02448,83.093,2.9314804,-47.62008984288956
81,ILE,equil_replaced_trj36699_frame25.pdb,0.3833415,0.4023042,0.0189627087776184,86.02448,86.21453,-0.19004822,-10.022208324886082
81,ILE,equil_replaced_trj13668_frame7.pdb,0.3833415,0.44140318,0.0580616887776184,86.02448,89.03147,-3.0069885,-51.78954640654128
81,ILE,equil_replaced_trj38903_frame16.pdb,0.3833415,0.5470837,0.1637422087776183,86.02448,81.90807,4.1164093,25.1395735558227
81,ILE,equil_replaced_trj17462_frame15.pdb,0.3833415,0.67025054,0.2869090487776183,86.02448,84.119804,1.9046783,6.638613709959593
81,ILE,equil_replaced_trj21020_frame2.pdb,0.3833415,0.7921644,0.4088229087776184,86.02448,82.99099,3.033493,7.420066187245572
81,ILE,equil_replaced_trj36108_frame10.pdb,0.3833415,0.8224007,0.4390592087776184,86.02448,94.10392,-8.079437,-18.401703219830598
81,ILE,equil_replaced_trj23107_frame4.pdb,0.3833415,0.91523683,0.5318953387776184,86.02448,85.965866,0.05861664,0.11020333120102965
81,ILE,equil_replaced_trj31361_frame17.pdb,0.3833415,1.0052217,0.6218802087776185,86.02448,85.80345,0.22103119,0.3554240605265563
81,ILE,equil_replaced_trj10270_frame18.pdb,0.3833415,1.088966,0.7056245087776185,86.02448,92.9397,-6.9152145,-9.800133714960838
90,ILE,equil_replaced_trj13241_frame17.pdb,1.618933,1.557595,-0.0613379624176024,86.02448,85.43183,0.59265137,-9.662064793619953
90,ILE,equil_replaced_trj12578_frame7.pdb,1.618933,1.6127001,-0.0062328624176024,86.02448,92.01896,-5.9944763,961.7533513061684
90,ILE,equil_replaced_trj38577_frame8.pdb,1.618933,1.7908179,0.1718849375823974,86.02448,72.90901,13.115471,76.30378246461088
90,ILE,equil_replaced_trj27789_frame26.pdb,1.618933,1.8706484,0.2517154375823975,86.02448,85.00753,1.0169525,4.040087983541114
90,ILE,equil_replaced_trj14553_frame19.pdb,1.618933,2.022614,0.4036810375823974,86.02448,80.116135,5.908348,14.636179392721935
90,ILE,equil_replaced_trj34073_frame19.pdb,1.618933,2.109232,0.4902990375823974,86.02448,92.92974,-6.905258,-14.083768576744292
90,ILE,equil_replaced_trj1134_frame3.pdb,1.618933,2.3095913,0.6906583375823976,86.02448,82.67592,3.3485641,4.848365632811499
90,ILE,equil_replaced_trj30908_frame24.pdb,1.618933,2.3651006,0.7461676375823973,86.02448,91.097694,-5.0732117,-6.799023991926551
90,ILE,equil_replaced_trj38259_frame17.pdb,1.618933,2.5245652,0.9056322375823976,86.02448,80.7783,5.2461853,5.792842927874526
90,ILE,equil_replaced_trj16707_frame23.pdb,1.618933,2.6115465,0.9926135375823976,86.02448,35.01837,51.00611,51.385669461298754
122,ILE,equil_replaced_trj28413_frame4.pdb,1.688208,1.5919086,-0.096299383970642,86.02448,92.79498,-6.7705,70.30678602440007
122,ILE,equil_replaced_trj14692_frame10.pdb,1.688208,1.7085799,0.0203719160293578,86.02448,82.19076,3.833725,188.1867650574049
122,ILE,equil_replaced_trj11333_frame9.pdb,1.688208,1.7894616,0.101253616029358,86.02448,90.54164,-4.5171585,-44.6123179145627
122,ILE,equil_replaced_trj22867_frame16.pdb,1.688208,1.908986,0.2207780160293579,86.02448,77.79178,8.232704,37.28951057112006
122,ILE,equil_replaced_trj23335_frame23.pdb,1.688208,2.1498432,0.4616352160293577,86.02448,82.44327,3.581215,7.757672682747429
122,ILE,equil_replaced_trj11864_frame7.pdb,1.688208,2.2991009,0.6108929160293579,86.02448,84.89112,1.1333618,1.8552544753224534
122,ILE,equil_replaced_trj34188_frame8.pdb,1.688208,2.4085562,0.720348216029358,86.02448,78.2599,7.76458,10.778925525419462
122,ILE,equil_replaced_trj19888_frame23.pdb,1.688208,2.5725818,0.8843738160293579,86.02448,90.55491,-4.530426,-5.122750067082754
122,ILE,equil_replaced_trj23700_frame16.pdb,1.688208,2.6528413,0.964633316029358,86.02448,80.66307,5.361412,5.557979347435967
122,ILE,equil_replaced_trj36851_frame6.pdb,1.688208,2.7429636,1.054755616029358,86.02448,85.12979,0.89469147,0.8482452747236696
151,ILE,equil_replaced_trj12963_frame3.pdb,1.5927944,1.4921684,-0.1006260183349609,86.02448,39.421627,46.602856,-463.12928260008107
151,ILE,equil_replaced_trj29566_frame24.pdb,1.5927944,1.649099,0.0563045816650391,86.02448,96.36803,-10.343544,-183.70696842900472
151,ILE,equil_replaced_trj36699_frame3.pdb,1.5927944,1.7773663,0.184571881665039,86.02448,80.148346,5.876137,31.836576225891047
151,ILE,equil_replaced_trj31706_frame16.pdb,1.5927944,1.8322797,0.239485281665039,86.02448,80.87412,5.15036,21.50595674027906
151,ILE,equil_replaced_trj17379_frame7.pdb,1.5927944,1.9848614,0.392066981665039,86.02448,85.8159,0.20858002,0.5320009764761148
151,ILE,equil_replaced_trj22183_frame3.pdb,1.5927944,2.1438215,0.5510270816650391,86.02448,83.71842,2.3060608,4.1850226018790195
151,ILE,equil_replaced_trj37346_frame21.pdb,1.5927944,2.3129506,0.7201561816650393,86.02448,79.39048,6.6340027,9.211894384088614
151,ILE,equil_replaced_trj17489_frame1.pdb,1.5927944,2.4907253,0.8979308816650389,86.02448,79.28595,6.738533,7.504511936959142
151,ILE,equil_replaced_trj17361_frame22.pdb,1.5927944,2.5407758,0.9479813816650392,86.02448,82.25869,3.7657928,3.9724333404791454
151,ILE,equil_replaced_trj24181_frame12.pdb,1.5927944,2.6417687,1.0489742816650391,86.02448,78.74495,7.2795334,6.93966812482347
174,ILE,equil_replaced_trj11066_frame6.pdb,2.44273,1.1492689,-1.2934610499511718,86.02448,82.88922,3.1352615,-2.423931927260498
174,ILE,equil_replaced_trj21231_frame16.pdb,2.44273,1.402078,-1.040651949951172,86.02448,79.357,6.6674805,-6.407022510324266
174,ILE,equil_replaced_trj33987_frame0.pdb,2.44273,1.7002239,-0.742506049951172,86.02448,83.3299,2.69458,-3.6290345086106686
174,ILE,equil_replaced_trj24366_frame15.pdb,2.44273,1.8147681,-0.6279618499511719,86.02448,85.2279,0.7965851,-1.2685246453582366
174,ILE,equil_replaced_trj38974_frame3.pdb,2.44273,1.9533644,-0.489365549951172,86.02448,62.755177,23.269306,-47.549947447635205
174,ILE,equil_replaced_trj22858_frame6.pdb,2.44273,2.3290334,-0.1136965499511717,86.02448,75.43746,10.587021,-93.11646552661585
174,ILE,equil_replaced_trj21973_frame22.pdb,2.44273,2.3618782,-0.0808517499511718,86.02448,82.81761,3.206871,-39.6635945993939
174,ILE,equil_replaced_trj21246_frame4.pdb,2.44273,2.5612438,0.1185138500488283,86.02448,83.94536,2.0791245,17.54330358710804
174,ILE,equil_replaced_trj15042_frame24.pdb,2.44273,2.893676,0.4509460500488282,86.02448,82.93388,3.090599,6.853589381088814
174,ILE,equil_replaced_trj15852_frame4.pdb,2.44273,2.968512,0.5257820500488282,86.02448,85.70887,0.3156128,0.6002730464827389
207,ILE,equil_replaced_trj253_frame11.pdb,1.0105987,0.32788694,-0.6827117195153809,86.02448,38.186794,47.83769,-70.07011463052405
207,ILE,equil_replaced_trj11085_frame19.pdb,1.0105987,0.39983976,-0.6107588995153809,86.02448,85.030106,0.99437714,-1.6281009364243035
207,ILE,equil_replaced_trj24934_frame1.pdb,1.0105987,0.45293584,-0.5576628195153809,86.02448,36.42661,49.597874,-88.938821008088
207,ILE,equil_replaced_trj15623_frame2.pdb,1.0105987,0.54671705,-0.4638816095153808,86.02448,81.30564,4.7188416,-10.172512675516863
207,ILE,equil_replaced_trj16644_frame5.pdb,1.0105987,0.6580679,-0.3525307595153808,86.02448,83.061745,2.962738,-8.404197242766022
207,ILE,equil_replaced_trj38640_frame10.pdb,1.0105987,0.7679831,-0.2426155595153808,86.02448,82.502464,3.5220184,-14.516869567855998
207,ILE,equil_replaced_trj33987_frame14.pdb,1.0105987,0.9275865,-0.0830121595153808,86.02448,83.96869,2.0557938,-24.7649714717532
207,ILE,equil_replaced_trj31374_frame7.pdb,1.0105987,0.96036214,-0.0502365195153808,86.02448,92.936806,-6.912323,137.5955791668757
207,ILE,equil_replaced_trj27209_frame17.pdb,1.0105987,1.102777,0.092178340484619,86.02448,93.37122,-7.3467407,-79.70137761247868
207,ILE,equil_replaced_trj21970_frame4.pdb,1.0105987,1.1269685,0.1163698404846191,86.02448,81.63146,4.3930206,37.750508306861946
223,ILE,equil_replaced_trj17364_frame9.pdb,1.5230334,1.5141444,-0.0088889805084229,86.02448,78.23335,7.79113,-876.4930982282337
223,ILE,equil_replaced_trj10969_frame21.pdb,1.5230334,1.5769938,0.053960419491577,86.02448,83.922714,2.1017685,38.950188183403974
223,ILE,equil_replaced_trj37393_frame25.pdb,1.5230334,1.6862996,0.163266219491577,86.02448,85.23665,0.78783417,4.825457280347657
223,ILE,equil_replaced_trj14916_frame23.pdb,1.5230334,1.8437853,0.3207519194915771,86.02448,93.360016,-7.335533,-22.86980278626976
223,ILE,equil_replaced_trj23748_frame13.pdb,1.5230334,2.0108354,0.4878020194915771,86.02448,85.66368,0.3608017,0.7396478127610001
223,ILE,equil_replaced_trj20485_frame8.pdb,1.5230334,2.2099128,0.6868794194915773,86.02448,90.38861,-4.364128,-6.353557828276849
223,ILE,equil_replaced_trj18767_frame16.pdb,1.5230334,2.3422313,0.819197919491577,86.02448,81.62228,4.4022064,5.373800782636998
223,ILE,equil_replaced_trj14181_frame4.pdb,1.5230334,2.467118,0.9440846194915772,86.02448,35.937447,50.087036,53.0535453059135
223,ILE,equil_replaced_trj23773_frame13.pdb,1.5230334,2.4990208,0.975987419491577,86.02448,93.40365,-7.3791656,-7.56071799906817
223,ILE,equil_replaced_trj31664_frame23.pdb,1.5230334,2.653582,1.1305486194915773,86.02448,82.57142,3.453064,3.0543259310657853
227,ILE,equil_replaced_trj34707_frame12.pdb,2.387757,1.5532379,-0.8345191629119872,86.02448,84.76949,1.2549896,-1.5038475804968368
227,ILE,equil_replaced_trj30507_frame23.pdb,2.387757,1.685045,-0.7027120629119874,86.02448,84.933304,1.0911789,-1.5528108191585657
227,ILE,equil_replaced_trj24666_frame19.pdb,2.387757,1.8135026,-0.5742544629119872,86.02448,76.5805,9.443985,-16.445644910554208
227,ILE,equil_replaced_trj38426_frame14.pdb,2.387757,1.9093218,-0.4784352629119872,86.02448,94.105896,-8.081413,16.891341202267576
227,ILE,equil_replaced_trj28855_frame31.pdb,2.387757,1.9954174,-0.3923396629119873,86.02448,86.474174,-0.44969177,1.1461797390640462
227,ILE,equil_replaced_trj10942_frame21.pdb,2.387757,2.2585714,-0.1291856629119872,86.02448,90.17714,-4.1526566,32.144871664318835
227,ILE,equil_replaced_trj14692_frame4.pdb,2.387757,2.4228742,0.0351171370880125,86.02448,94.84194,-8.817459,-251.08707137334434
227,ILE,equil_replaced_trj20274_frame22.pdb,2.387757,2.5708566,0.1830995370880126,86.02448,95.57412,-9.549637,-52.15543956416436
227,ILE,equil_replaced_trj16416_frame3.pdb,2.387757,2.686102,0.2983449370880127,86.02448,84.331375,1.6931076,5.675000291628869
227,ILE,equil_replaced_trj33466_frame6.pdb,2.387757,2.7541478,0.3663907370880128,86.02448,86.333855,-0.30937195,-0.8443771005266204
238,ILE,equil_replaced_trj17619_frame18.pdb,2.4732356,1.5558864,-0.9173492071472168,86.02448,91.23493,-5.210449,5.67989722796351
238,ILE,equil_replaced_trj10983_frame27.pdb,2.4732356,1.6294212,-0.8438144071472169,86.02448,83.36447,2.6600113,-3.152365341209237
238,ILE,equil_replaced_trj13902_frame19.pdb,2.4732356,1.7613091,-0.7119265071472167,86.02448,86.19247,-0.16798401,0.2359569521609703
238,ILE,equil_replaced_trj34188_frame24.pdb,2.4732356,1.9240887,-0.5491469071472168,86.02448,93.08807,-7.063591,12.862844006739241
238,ILE,equil_replaced_trj29576_frame8.pdb,2.4732356,2.0387428,-0.4344928071472167,86.02448,83.868706,2.155777,-4.961594166986136
238,ILE,equil_replaced_trj31796_frame14.pdb,2.4732356,2.2859201,-0.187315507147217,86.02448,80.97697,5.047516,-26.946599061729724
238,ILE,equil_replaced_trj23010_frame10.pdb,2.4732356,2.4020798,-0.0711558071472167,86.02448,79.99543,6.0290527,-84.73029786453388
238,ILE,equil_replaced_trj28204_frame8.pdb,2.4732356,2.4647593,-0.0084763071472169,86.02448,83.26958,2.7549057,-325.0124910336851
238,ILE,equil_replaced_trj37820_frame22.pdb,2.4732356,2.678699,0.2054633928527831,86.02448,80.89109,5.1333923,24.984462013934085
238,ILE,equil_replaced_trj36854_frame8.pdb,2.4732356,2.7307634,0.257527792852783,86.02448,90.83941,-4.814926,-18.696724319046268
243,ILE,equil_replaced_trj13587_frame12.pdb,2.4533043,1.5210963,-0.9322079907714844,86.02448,86.59013,-0.56565094,0.6067861952924049
243,ILE,equil_replaced_trj20834_frame23.pdb,2.4533043,1.6869385,-0.7663657907714845,86.02448,82.75796,3.2665253,-4.26235788169295
243,ILE,equil_replaced_trj35315_frame17.pdb,2.4533043,1.8319968,-0.6213074907714844,86.02448,93.92905,-7.904564,12.722466767611975
243,ILE,equil_replaced_trj16792_frame9.pdb,2.4533043,1.8781459,-0.5751583907714843,86.02448,93.29043,-7.2659454,12.63294694323105
243,ILE,equil_replaced_trj19053_frame18.pdb,2.4533043,2.14865,-0.3046542907714844,86.02448,91.662506,-5.6380234,18.506298933743956
243,ILE,equil_replaced_trj11145_frame11.pdb,2.4533043,2.3010726,-0.1522316907714844,86.02448,80.96592,5.058563,-33.229370355055075
243,ILE,equil_replaced_trj36047_frame8.pdb,2.4533043,2.389935,-0.0633692907714844,86.02448,83.41516,2.6093216,-41.17643676410613
243,ILE,equil_replaced_trj2458_frame1.pdb,2.4533043,2.58179,0.1284857092285154,86.02448,93.14899,-7.124504,-55.449778283780496
243,ILE,equil_replaced_trj10056_frame17.pdb,2.4533043,2.7320735,0.2787692092285154,86.02448,81.51805,4.5064316,16.165456694665973
243,ILE,equil_replaced_trj2723_frame8.pdb,2.4533043,2.7685308,0.3152265092285158,86.02448,81.92052,4.1039658,13.019100992874534
254,ILE,equil_replaced_trj38548_frame17.pdb,2.5071282,1.5294641,-0.9776641386779784,86.02448,83.50189,2.5225906,-2.580222120674428
254,ILE,equil_replaced_trj36118_frame7.pdb,2.5071282,1.654151,-0.8529772386779786,86.02448,82.22152,3.8029633,-4.458458074133508
254,ILE,equil_replaced_trj34393_frame14.pdb,2.5071282,1.7167931,-0.7903351386779784,86.02448,79.291756,6.732727,-8.51882539607605
254,ILE,equil_replaced_trj24893_frame10.pdb,2.5071282,1.8966577,-0.6104705386779785,86.02448,84.57284,1.4516449,-2.377911472361283
254,ILE,equil_replaced_trj33633_frame12.pdb,2.5071282,1.9886616,-0.5184666386779786,86.02448,86.13387,-0.10939026,0.21098803785715742
254,ILE,equil_replaced_trj25878_frame11.pdb,2.5071282,2.1255515,-0.3815767386779787,86.02448,38.684322,47.34016,-124.06458667760795
254,ILE,equil_replaced_trj11926_frame0.pdb,2.5071282,2.3671052,-0.1400230386779783,86.02448,84.22111,1.8033752,-12.879132328273386
254,ILE,equil_replaced_trj2184_frame10.pdb,2.5071282,2.4758372,-0.0312910386779785,86.02448,80.67705,5.347435,-170.89349614085916
254,ILE,equil_replaced_trj28096_frame12.pdb,2.5071282,2.6280766,0.1209483613220214,86.02448,92.095764,-6.0712814,-50.197302110946865
254,ILE,equil_replaced_trj16832_frame8.pdb,2.5071282,2.6811967,0.1740684613220215,86.02448,37.09114,48.933342,281.11549678982476
263,ILE,equil_replaced_trj15950_frame11.pdb,2.4400272,1.5182301,-0.9217971369384764,86.02448,80.9678,5.0566864,-5.485682476907808
263,ILE,equil_replaced_trj33555_frame1.pdb,2.4400272,1.6265886,-0.8134386369384765,86.02448,65.74456,20.279922,-24.931103053671904
263,ILE,equil_replaced_trj25753_frame9.pdb,2.4400272,1.7553468,-0.6846804369384765,86.02448,84.52905,1.49543,-2.184128407936616
263,ILE,equil_replaced_trj30132_frame24.pdb,2.4400272,1.8445221,-0.5955051369384765,86.02448,83.34888,2.6756058,-4.4930020044515695
263,ILE,equil_replaced_trj21297_frame23.pdb,2.4400272,2.0463424,-0.3936848369384766,86.02448,93.28708,-7.262596,18.447741566196164
263,ILE,equil_replaced_trj37820_frame6.pdb,2.4400272,2.0798838,-0.3601434369384764,86.02448,84.40205,1.6224365,-4.50497317743614
263,ILE,equil_replaced_trj30067_frame21.pdb,2.4400272,2.3342443,-0.1057829369384766,86.02448,92.144936,-6.120453,57.85860232278324
263,ILE,equil_replaced_trj23721_frame0.pdb,2.4400272,2.429348,-0.0106792369384765,86.02448,82.52724,3.4972458,-327.480868597821
263,ILE,equil_replaced_trj30186_frame0.pdb,2.4400272,2.5325546,0.0925273630615235,86.02448,93.85249,-7.8280106,-84.60211444561554
263,ILE,equil_replaced_trj31679_frame12.pdb,2.4400272,2.6175451,0.1775178630615235,86.02448,81.50798,4.5165024,25.442523374708383
41,ILE,equil_replaced_trj2979_frame22.pdb,1.7343502,1.5154032,-0.2189470044677735,86.02448,81.81806,4.206421,-19.21205046245169
41,ILE,equil_replaced_trj30825_frame17.pdb,1.7343502,1.6588744,-0.0754758044677734,86.02448,83.88021,2.1442719,-28.410056251887944
41,ILE,equil_replaced_trj13415_frame15.pdb,1.7343502,1.6778158,-0.0565344044677733,86.02448,81.39234,4.632141,-81.93490595486402
41,ILE,equil_replaced_trj14485_frame11.pdb,1.7343502,1.8348464,0.1004961955322265,86.02448,82.44224,3.5822449,35.645576970106724
41,ILE,equil_replaced_trj33265_frame13.pdb,1.7343502,1.9918158,0.2574655955322265,86.02448,79.55794,6.466545,25.1161522828438
41,ILE,equil_replaced_trj3018_frame19.pdb,1.7343502,2.0713477,0.3369974955322266,86.02448,84.2708,1.753685,5.203851722366558
41,ILE,equil_replaced_trj38933_frame16.pdb,1.7343502,2.3317814,0.5974311955322267,86.02448,76.40178,9.622704,16.106797944612897
41,ILE,equil_replaced_trj35074_frame10.pdb,1.7343502,2.4115267,0.6771764955322266,86.02448,83.05757,2.9669113,4.381296952113091
41,ILE,equil_replaced_trj38548_frame10.pdb,1.7343502,2.5157962,0.7814459955322266,86.02448,64.59178,21.432701,27.426976698808826
41,ILE,equil_replaced_trj20759_frame19.pdb,1.7343502,2.6119232,0.8775729955322267,86.02448,81.39568,4.6287994,5.274546347759149
113,LEU,equil_replaced_trj37223_frame4.pdb,2.3138971,1.553494,-0.7604031328735352,86.02448,80.755585,5.268898,-6.929085089829833
113,LEU,equil_replaced_trj25572_frame1.pdb,2.3138971,1.6820168,-0.6318803328735352,86.02448,92.86795,-6.8434677,10.83032238284903
113,LEU,equil_replaced_trj23630_frame7.pdb,2.3138971,1.7521343,-0.5617628328735351,86.02448,86.14061,-0.116127014,0.20671893433416044
113,LEU,equil_replaced_trj37441_frame5.pdb,2.3138971,1.9019419,-0.4119552328735352,86.02448,82.132385,3.8920975,-9.447865113875986
113,LEU,equil_replaced_trj1000_frame8.pdb,2.3138971,2.1486132,-0.1652839328735353,86.02448,93.30456,-7.280075,44.04587273956287
113,LEU,equil_replaced_trj20761_frame23.pdb,2.3138971,2.1753762,-0.138520932873535,86.02448,83.89153,2.1329498,-15.398032520102031
113,LEU,equil_replaced_trj21773_frame0.pdb,2.3138971,2.470731,0.1568338671264646,86.02448,94.60991,-8.585426,-54.742170730531434
113,LEU,equil_replaced_trj19870_frame8.pdb,2.3138971,2.6110144,0.297117267126465,86.02448,83.88341,2.1410751,7.206161913726866
113,LEU,equil_replaced_trj28976_frame13.pdb,2.3138971,2.634451,0.3205538671264647,86.02448,95.228294,-9.203812,-28.712215291655586
113,LEU,equil_replaced_trj34456_frame19.pdb,2.3138971,2.793155,0.4792578671264649,86.02448,66.29441,19.730072,41.167966923072065
114,LEU,equil_replaced_trj25477_frame5.pdb,1.6763749,1.5465274,-0.1298475122619629,86.02448,89.60216,-3.5776749,27.5528949565458
114,LEU,equil_replaced_trj20623_frame1.pdb,1.6763749,1.6573377,-0.0190372122619628,86.02448,82.60146,3.4230194,-179.8067575271529
114,LEU,equil_replaced_trj30781_frame4.pdb,1.6763749,1.7937782,0.1174032877380371,86.02448,49.64245,36.382034,309.8893992043676
114,LEU,equil_replaced_trj27532_frame8.pdb,1.6763749,1.9950163,0.3186413877380372,86.02448,94.28591,-8.261429,-25.927042596863572
114,LEU,equil_replaced_trj30252_frame10.pdb,1.6763749,2.0639427,0.3875677877380372,86.02448,81.89138,4.1331024,10.664205199080715
114,LEU,equil_replaced_trj19126_frame11.pdb,1.6763749,2.2294285,0.5530535877380371,86.02448,35.177032,50.84745,91.93946370425208
114,LEU,equil_replaced_trj29398_frame6.pdb,1.6763749,2.428556,0.752181087738037,86.02448,86.20573,-0.1812439,-0.24095779518920452
114,LEU,equil_replaced_trj31076_frame4.pdb,1.6763749,2.597385,0.9210100877380372,86.02448,82.660194,3.3642883,3.6528246268623166
114,LEU,equil_replaced_trj21943_frame13.pdb,1.6763749,2.7015738,1.025198887738037,86.02448,89.715866,-3.6913834,-3.6006509624302714
114,LEU,equil_replaced_trj17462_frame17.pdb,1.6763749,2.7678564,1.091481487738037,86.02448,79.26012,6.764366,6.1974172039515505
132,LEU,equil_replaced_trj24169_frame16.pdb,1.33108,0.8967882,-0.4342917598693847,86.02448,85.54666,0.47782135,-1.1002312137844
132,LEU,equil_replaced_trj38974_frame8.pdb,1.33108,0.9516689,-0.3794110598693847,86.02448,84.46702,1.5574646,-4.1049530821414235
132,LEU,equil_replaced_trj36770_frame24.pdb,1.33108,1.0481111,-0.2829688598693847,86.02448,85.13416,0.8903198,-3.146352657425668
132,LEU,equil_replaced_trj34123_frame12.pdb,1.33108,1.1541255,-0.1769544598693848,86.02448,81.21407,4.8104095,-27.184449317915693
132,LEU,equil_replaced_trj36495_frame4.pdb,1.33108,1.2418208,-0.0892591598693848,86.02448,95.85822,-9.83374,110.17065642075235
132,LEU,equil_replaced_trj26938_frame19.pdb,1.33108,1.294894,-0.0361859598693847,86.02448,80.87711,5.1473694,-142.2476950548044
132,LEU,equil_replaced_trj13803_frame21.pdb,1.33108,1.4396876,0.1086076401306153,86.02448,84.72533,1.2991562,11.961922636404157
132,LEU,equil_replaced_trj18950_frame9.pdb,1.33108,1.5325062,0.2014262401306152,86.02448,86.58054,-0.5560608,-2.7606174381999407
132,LEU,equil_replaced_trj35082_frame13.pdb,1.33108,1.5736419,0.2425619401306151,86.02448,84.751015,1.273468,5.250073514799503
132,LEU,equil_replaced_trj26654_frame8.pdb,1.33108,1.6698058,0.3387258401306152,86.02448,86.668045,-0.6435623,-1.8999504633197422
201,LEU,equil_replaced_trj19315_frame0.pdb,2.4599535,1.5344747,-0.9254788465240478,86.02448,76.93372,9.090759,-9.822762898889806
201,LEU,equil_replaced_trj18217_frame4.pdb,2.4599535,1.6440557,-0.8158978465240478,86.02448,76.67074,9.3537445,-11.46435739067764
201,LEU,equil_replaced_trj14846_frame9.pdb,2.4599535,1.8093133,-0.650640246524048,86.02448,36.31887,49.705612,-76.39492399703566
201,LEU,equil_replaced_trj10751_frame5.pdb,2.4599535,1.8924695,-0.5674840465240478,86.02448,77.07625,8.948235,-15.768257474223597
201,LEU,equil_replaced_trj12167_frame8.pdb,2.4599535,2.012009,-0.4479445465240479,86.02448,82.454544,3.5699387,-7.969599557288765
201,LEU,equil_replaced_trj22500_frame12.pdb,2.4599535,2.188998,-0.2709555465240476,86.02448,83.62057,2.4039154,-8.871991867714314
201,LEU,equil_replaced_trj35171_frame26.pdb,2.4599535,2.440309,-0.0196445465240477,86.02448,79.4853,6.5391846,-332.87531286648
201,LEU,equil_replaced_trj32431_frame4.pdb,2.4599535,2.5367966,0.0768430534759523,86.02448,83.78313,2.241356,29.167970227751507
201,LEU,equil_replaced_trj14788_frame14.pdb,2.4599535,2.6643715,0.2044179534759522,86.02448,84.61731,1.4071732,6.883804151301327
201,LEU,equil_replaced_trj36671_frame18.pdb,2.4599535,2.806907,0.3469534534759519,86.02448,90.779526,-4.755043,-13.705132438218369
